CLPSW000001,2 Star Plastic
CLFSD000099,2 Star Plastic Fsd
CLFSD000186,3 Star Plas Moulding
CLGJW000073,3 Star PPRC  Gujranwala
CLGJW000001,3 Star Water Tank
CLKHI000159,3B Packaging Pvt  Limited
CLLHR000344,50 50 Sole
CLLHR001154,6B-Food Industry Pvt Ltd 
CLMUL000001,7 Star Packages
CLLHR000283,A & A CHAPPLE SOLE MANUFACTURERS
CLRWT000013,A & J ENGINEERING (PRIVATE) LIMITED
CLSHK000006,A One Poly Bags
CLLHR000662,A Tech Lahore
CLLHR001055,A A Chemical
CLKHI000194,A A ENTERPRISE
CLLHR000001,A H Y PLASTIC INDUSTRY (PVT ) LIMITED
CLLHR000455,A M Inertnational
CLFSD000185,A M Plastic (Mr  Arslan) FSB 
CLISD000001,A M Sons
CLLHR001310,A N Internationl
CLLHR000911,A R Impex
CLLHR001240,A R PAINTS
CLLHR001164,A-1 Poly Industries  Lahore 
CLLHR000702,AA Plastic
CLLHR000792,AA Shoes
CLISD000023,AAA INTERNATIONAL INDUSTRIES
CLLHR000838,AAA Plastic (Kamal Trader)
CLLHR000003,AAA Traders Zircon Poly
CLKHI000001,AAR Trader Aftab Mehtab
CLGJW000025,AB INTERNATIONAL
CFKBL000007,Abasin Jilani Packages Industry
CLKSR000002,ABBAS TANNERIES
CLMUL000002,ABC Plastic
CLLHR001013,ABC Plastic Bund Road
CLLHR000668,Abdul Ghaffor Waste Contractor Unit-I
CLGJW000002,Abdul Hafeez Dyes & Colors
CLISD000032,Abdul Hameed waste customer U-I
CLLHR000738,Abdul Hussain - Waste Contractor
CLLHR000004,Abdul Qadir & Co
CLKHI000158,Abdul Rab Enterprises
CLKHI000002,Abdul Rauf
CLPSW000002,Abdul Raziq Plastic
CLKHI000284,Abdul Razzaq
CLLHR001114,Abdul Razzaq Waste Customer U-I
CLGJW000069,Abdul Rehman Traders  Gujranwala
CLKHI000003,Abdullah Mehtabuddin
CLLHR000690,Abdullah Plastic
CLFSD000001,Abdullah Poly
CLMUL000041,ABDULLAH POLY INDUSTRIES
CLKHI000138,Abeer Enterprises
CLKHI000305,ABID &CO PET
CLLHR001043,Abid Ali Waste Customer U-I
CLSGD000007,Abid Becolite
CLLHR000005,Abid Plastic
CLKHI000252,ABS PRODUCTS PVT LIMITED
CLLHR000791,Abu Al-Hassnain & Sons
CLLHR000981,Abu Bakar Plastic
CLLHR000336,Abu Zikria Trading
CLGJW000003,ACC Polymers   API Industries
CLRWT000014,ACCUFIT PLASTIC IND  (UNREG )
CLRWT000007,ACCUFIT PLASTIC INDUSTRIES (PRIVATE) LIMITED
CLLHR000771,Achievers Industries
CLLHR000772,Acro Paints
CLLHR000530,Activity Corporation LHR
CLLHR000467,Acvo Soft
CLFSD000114,Adam Jee Plastic ind(karim khan)
CLFSD000077,Adamjee Plastic Industries
CLLHR001145,Adeel Hamza plastic
CLLHR000006,Adeel Plastic
CLLHR000293,Adeel Traders
CLFSD000097,Adil Afzal - Fsd
CLLHR001277,ADIL PAINTS
CLKHI000232,ADIL POLYMER KARACHI
CLLHR000330,Adnan Traders
CLLHR001127,Aero Soft
CLLHR000750,Aerolite Shoes
CLLHR001136,AF Shoes
CLGJW000023,AF SONS
CLLHR001227,Afaq plastic
CLKHI000302,AFEEF PACKAGES
CLISD000012,Afnan Plastic (Mansehra)
CLPSW000059,Afridi poly
CLLHR001042,Aftab Sons Writing instruments Lahore 
CLLHR000666,AFW Writting Instruments industry
CLLHR001128,Afzaal Waste Customer U-I
CLLHR001288,AG TRADERS
CLLHR000804,Agha Plastic  Lahore
CLMUL000054,AGRI FORCE CHEMICALS
CLPSW000040,Agriculture University
CLLHR000379,AGRO Footwear
CLGDN000001,Agro Pack Pvt Ltd
CLFSD000029,AHM PRINTERS
CLGJW000102,AHMAD CHEMICALS & PLASTIC COLORS
CLPSW000003,Ahmad Colors
CLSGD000004,Ahmad International
CLGDN000017,AHMAD POLYMER INDUSTRIES PVT LIMITED
CLLHR000879,Ahmad Waste contractor
CLLHR000699,Ahmed - Waste Raiwind
CLFSD000080,Ahmed Poly Bag  Fsd
CLLHR001212,AHMED SAEED AND COMPANY (PVT) LTD
CLLHR000601,AHMED SONS
CLLHR000008,AHN SYNTHETIC (PVT)LIMITED
CLLHR000605,Ahsan Plastic lahore 
CLLHR000390,Ahsan Traders
CLGJW000109,AIM ENTERPRISES
CLPSW000005,Aim Plastic
CLLHR000970,Air Blue Shoes
CLLHR000477,Air Indus
CLRWP000036,Ajdam (Pvt) Ltd  Rawalpindi 
CLLHR000979,AK Plastic Shahdra
CLLHR001088,AK Trader Lahore
CLLHR000574,AKAI ENGINEERING
CLISD000002,AKBAR AND ZIKRIA PIPES (PRIVATE) LIMITED
CLGDN000031,AKBAR PACKAGES
CLLHR000470,Akbar Traders
CLLHR000870,Akbari Polymer Plastic
CLLHR000375,Akhtar Chemical
CLFSD000061,Akhtar Paint
CLLHR001270,AKRAM & SONS BAND ROAD
CLLHR000517,Akram Dewan   Royal International
CLLHR000945,Akram Plastic
CLLHR000735,Akro Soft
CLLHR000284,AKZO NOBEL PAKISTAN LIMITED
CLKHI000312,AL BARAKAT PLASTICS (PRIVATE) LIMITED
CLFSD000112,Al Barka Fabrics
CLLHR000009,Al Firdosi   SVA Ruba
CLKHI000262,AL HAMD PLASTIC WORKS
CLFSD000070,Al Jannat (CMD)
CLKHI000040,AL KARAM PACKAGES (PVT) LTD
CLFSD000084,Al Madina Water Tank  Fsd
CLKHI000291,AL MARJAN
CLLHR000415,Al Munawar Crysto Plast
CLLHR000462,Al Munawar PVC Industries
CLGJW000091,Al Noor Trader - Gujranwala
CLLHR001321,AL RAZI DIAGNOSTIC PVT LIMITED
CLFSD000115,Al Rehman Trader Fsd
CLFSD000103,Al Shahbaz Plastic Fsd
CLKHI000274,AL SHAIKH (PVT ) LTD 
CLMUL000042,Al-Aziz Enterprises Multan
CLLHR000531,AL-Aziz Paper Mills
CLLHR001254,Aleem Waste customer Unit 01
CLKHI000171,Alfapen Pakistan
CLLHR000561,Al-Fareed Plastic
CLPSW000006,Al-Hafiz Crysto Plast
CLLHR000798,Al-Hajveri Trading  Lahore
CLFSD000106,Al-Hamd Trader Faisalabad
CLFSD000150,Al-Hamra Textile
CFAFG000010,AL-HIKMAT FIBER INDUSTRY
CLMUL000050,Al-Hilal Industries Pvt  Limited
CLKHI000140,AL-HILAL PACKAGING (PVT) LTD
CLKHI000162,Al-Huda Plastic
CLLHR000913,Al-Hussain Trading & CO
CLLHR000576,Ali & Co 
CLLHR000629,Ali Baba Lhr 
CLLHR001033,ALI ENTERPRISES
CLFSD000095,Ali Hamza Plastic
CFKBL000006,Ali Ijaz Fiber
CLFSD000059,Ali Plastic
CLLHR001122,ALi plastic Gujrat
CLLHR000790,Ali Plastic  Lahore
CLLHR000337,ALI POLYMER INDUSTRIES (PVT ) LIMITED
CLLHR000265,ALI TRADERS
CLLHR000011,Aliance Industry
CLLHR001186,Aliance Industry 2
CLLHR000089,ALIF INDUSTRY (SMC-PVT ) LIMITED
CLFSD000073,Al-Janat Water Tank
CLLHR000012,Al-Jeeran Engineers
CLKHI000068,Alka Pvt Ltd
CLPSW000077,AL-KARAM PLASTIC IND 
CLGJW000108,AL-KARAM SOFT CARE
CLLHR000603,Al-Karam Water Tank  Gujranwala
CLSGD000006,Al-Karam Water Tank  Sargodha
CLLHR000617,AL-KHAIR GLOBAL (PRIVATE) LIMITED
CLLHR001008,Allah Hoo Industry
CLLHR000806,Alliance Petrochemicals
CLFSD000143,Allied Automation Engineers
CLKHI000044,Allied Impex
CLLHR000255,ALLIED PAINT
CLLHR000992,ALM PET
CLGDN000002,AL-MADEENA MAT INDUSTRIES (PVT) LTD
CLFSD000002,Al-Madina Packages FSD
CLMUL000003,AL-MADINA PACKAGES 
CLFSD000091,Al-Makkah Water Tank
CLLHR000940,Al-Meezan Plastic SB Plastic
CLMUL000004,Al-Mehar Plastic Works Pak Arab Water
CLKHI000137,Al-Momin Packages  Karachi
CLMAR000001,Al-Murtaza Match Factory
CLLHR000823,Al-Noor Plastic  Lahore
CLLHR000256,al-Noor Trader
CLLHR000365,AL-PAK SYNTHATIC TEXTILE MILLS
CLKHI000106,Alpha Packages KHI
CLKHI000207,ALPHA PACKAGING
CLLHR000362,Alpha Pipe
CLGDN000003,ALPHA PIPE INDUSTRIES (PRIVATE) LIMITED
CLLHR000799,Alpha Plastic  Lahore
CLLHR001293,ALPHA RUBBER
CLLHR000361,Alpha Traders
CLLHR000013,Al-Quraish Plastic
CLLHR000836,AL-RAAI PLASTIC WORKS 
CLLHR000858,AL-RABI INTERNATIONAL (PVT) LTD
CLLHR000127,AL-RABI INTERNATIONAL (PVT ) LIMITED
CLGJT000001,Al-Razi Plastic
CLLHR001281,AL-REHMAN PLASTIC PRODUCTS
CLMUL000031,Al-Rehmat Plastic
CLLHR000997,Al-Saeed
CLLHR000784,Al-Safa Packages
CLLHR001294,Altaf karachi
CLKHI000293,ALUCAN (PVT) LTD
CLGJW000048,Alwan Paints
CLFSD000141,AM Dyeing  Faisalabad
CLLHR000247,AM ENTERPRISES
CLLHR000987,AM PLASTIC
CLBWP000001,AM Plastic Bahwalpur
CLLHR001228,AM POLY RAIWIND
CLLHR000465,AM Traders
CLGJW000053,Amaar Hi Tech Guj
CLLHR000014,AMAFHH PACKAGING INDUSTRIES
CLLHR000289,Amariz Printers
CLLHR000956,Amber Capacitors limited
CLLHR000910,Amco Baby Toys
CLLHR000419,Amco Paints
CLPSW000046,Ameer Jamal Faom Plastic Industry
CLLHR000358,AMIN INDUSTRIES (PRIVATE) LIMITED
CLNOS000001,Amin Shopping Bag
CLMUL000025,Amina Food
CLLHR001181,Amir Auto Tech
CLLHR000328,Amir Chemicals
CLLHR000490,Amir Ishfaq Chemicals
CLNSF000001,Amir Khan Noshehro Feroz
CLLHR000457,Amir Pet Bottler
CLLHR000401,Amir Plastic
CLKHI000279,AMIR POLYBAGS FACTORY
CLLHR001028,Amir Trader
CLLHR000015,Amir Traders
CLGJW000050,Amjad Traders
CLLHR001156,Amjad Waste customer unit-I
CLLHR001179,AMP Tech Lahore 
CLGJW000096,AMS Plastic  Kamoke 
CLLHR001296,AMS PLASTICS (PVT ) LIMITED
CLFSD000123,AN Packages Fsd
CLKHI000301,ANAUMA
CLLHR001195,Anayat Wast Customer (Unit 01)
CFBNG000001,ANCHAR PAINT INDUSTRIES PVT LTD 
CLISD000013,Andrew Paint
CLISD000037,ANDREW PAINTS
CLLHR000778,Angro Soft
CLLHR000016,Anjum Chemicals Industry
CLLHR000017,Anmol Plastic
CLLHR000481,Ansaar Plastic
CLFSD000194,ANSAR PLASTIC FACTORY
CLFSD000086,Ansari Plastic FSB
CLLHR000320,Anwar & Sons
CLGJW000065,A-One PPRC
CLLHR000654,AP Shoes
CLHYD000003,Apex Paints
CLHAT000001,APEX POLYMERS (PRIVATE) LIMITED C O HASSAN
CLHAT000013,APEX POLYMERS (PRIVATE) LIMITED 
CLLHR001098,Apple packages Band Road
CLFSD000063,Apple Paints
CLFSD000078,Aqua MM Industry
CLGJW000084,Aqua Plastic
CLLHR000647,Aqua Tech LHR
CLGJW000031,Aqua Water Tank
CLKHI000180,AQUAFIN
CLKHI000090,AR Plastic
CLLHR000018,AR Printer
CLLHR000019,ARCO PLASTICS (PRIVATE) LIMITED
CLLHR000522,Arfan Traders
CLLHR000020,ARFEEN INDUSTRIES (PVT) LTD
CFAFG000001,Aria Afghan Paint Industry
CLLHR000588,Arif Noor - Waste Sales
CLKHI000255,ARIF TRADER KHI
CLGJW000047,Arshad Corporation
CLMUL000044,Asad Enterprises Multan
CLLHR000219,ASAD PLASTIC BAND ROAD
CLGJW000006,Asad Tarders
CLPSW000007,ASAD ZUBAIR POLYMERS (PRIVATE) LIMITED
CLLHR000746,ASAF Pet Plastic
CLRWP000015,ASF Paints
CLLHR001053,ASF Pet Industries  Lhr 
CLFSD000149,Asghar Ali Pipes Factory
CLPSW000075,Asghar Saleem Keen
CLLHR001167,ASHIQ ALI
CLLHR001292,ASHIQ TRADER
CLLHR001192,Ashraf plastic works
CLLHR000733,ASHRAF POLY (PRIVATE) LIMITED
CLLHR000625,Ashraf Waste Sale Contractor Unit-I
CLLHR000352,Asia Chemicals
CLLHR000194,Asia Foam (pvt) ltd  (LMD)
CLLHR000382,Asia Paints Well Done Paints
CLFSD000159,Asia Pipe
CLLHR000438,ASIA VINYL & RUBBER INDUSTRY
CLGJT000020,Asian Paints
CLLHR000908,Asian Plastic
CLKHI000173,Asian Source Pakistan Pvt Ltd
CLLHR000587,Asif - Waste Sales
CLLHR000021,Asim Plastic
CLRWP000001,Asim Shabbir
CLLHR000697,ASKARI SHOES PROJECT
CLLHR001035,Aslam Enginring
CLLHR000872,Aslam Waste Contractor
CLLHR001248,Aslam Waste Customer Unit-I
CLGJW000005,ASLI PUNJAB INDUSTRIES (PRIVATE) LIMITED
CLGJR000001,Asma Enterprises
CLLHR001263,ASPIRE PLASTIC
CLLHR000962,Astun Industries
CLFSD000072,AT Poly bags
CLGJW000037,AT Products
CLLHR000676,Atco Soft Lahore
CLGJW000033,Ateeq Traders
CLISD000018,ATH
CLLHR000764,Athar Nazir
CLKHI000115,Atherton And Imrooz
CLPSW000043,Atlas Paints
CLGJW000066,Atlas Plastic Gujranwala
CLLHR000332,ATM Industries
CLKHI000241,ATM INDUSTRIES PRIVATE LIMITED
CLLHR000727,ATM Industry Lahore
CLLHR000453,Atmad Soft
CLLHR000267,ATS SYNTHETIC (PVT) LTD
CLKHI000269,AUSAF INDUSTRIES (PVT ) LIMITED
CLLHR000354,Austun Pipe
CLLHR000054,Awais Plastic Haji Younas Plastic
CLFSD000038,Awan Plastic
CLFSD000206,AWAN PLASTIC PRIVATE) LIMTED
CLSKT000003,AWAN SPORTS
CLKHI000050,AXE Shoes
CLGJW000088,AY Plastic Gujranwala
CLLHR000832,Ayaan Plastic  Lahore
CLLHR000022,AYCANS
CLLHR001085,Ayesha Co   Dyno Group
CLMRP000001,AYESHA ENTERPRISES PVT LTD
CLPSW000008,Ayub Brothers
CLFSD000205,AYYAN SONS FSD
CLKHI000193,AYYAN TUFF
CLLHR001239,AZ Shopping
CLLHR001026,Azam Plastic Co  Lahore 
CLMUL000057,Azco Group
CLGJW000009,AZEEM INDUSTRIES (PVT ) LIMITED
CLLHR001197,AZIZ MUGHAL ELECTRICAL INDUSTRY
CLGDN000004,AZMAT KHAN ENTERPRISES
CLLHR001250,Azmat Ullah
CLLHR001076,B & T Laminates Lhr 
CLKHI000212,B H Industries
CLKHI000282,B S INDUSTRIES
CLLHR000891,Baba Mukhtar waste contractor Unit-I
CLLHR000023,Baba Plastic
CLLHR000334,Babar Engineering
CLLHR000220,Babar Plastic   Usman & Co
CLLHR001097,Babar Waste Customer
CLLHR000402,BABUJEE INTERNATIONAL
CLLHR000513,Bakhtyar Plastic
CLLHR000024,Balochistan Glass ltd 
CLLHR000615,Banu Mukhtar
CLKHI000084,Bapco Poly Packages (Pvt) Ltd
CLKHI000187,Barkat International Karachi 
CLLHR000685,BASF
CLLHR001230,BASHAR TRADERS
CLLHR000432,Basharat Plastic Lhr
CLLHR000025,BATA PAKISTAN LIMITED
CLLHR000386,Bay Shield
CLLHR000412,bb chem
CLLHR000516,BB CHEMPACK INDUSTRIES (PVT) LTD
CLLHR000026,BBJ PIPE INDUSTRIES (PRIVATE) LIMITED
CLLHR000680,BC Soft
CFCHN000006,BCG International
CLGJW000007,BEETA HI TECH INDUSTRIES (PRIVATE) LIMITED
CLLHR000323,Belite Epoxy
CLLHR000208,BERGER PAINTS PAKISTAN LIMITED
CLLHR001316,BESTCHEM
CLLHR000818,BESTWAY CEMENT LTD
CLLHR000264,BETA PIPES
CLLHR001077,Bhatti Plastic Band Road
CLLHR000663,Bhorban Shoes
CLLHR000213,BIC INKS
CLLHR000611,Bico Enterprises
CLLHR000195,Bila Soft
CLLHR000963,Bilal
CLLHR000777,Bilal Plastic
CLRWT000003,BIN ALTAF INDUSTRIES
CLKHI000091,BIN QASIM PACKAGES (PRIVATE) LIMITED
CLKHI000199,BIN QASIM PACKAGES (PVT) LTD
CLLHR001064,Bin Talib Industry
CLLHR001269,BIN YAMIN DOORS
CLLHR001177,BINACA SOFT
CLLHR000426,Bira Chemicals
CLLHR001025,Bismillah Chemicals
CLLHR000348,Bismillah Plastic
CLMUL000070,BISMILLAH PLASTIC MULTAN
CLLHR001278,Bismillah Rubber
CLFSD000101,Bismillah Textiles Ltd
CLLHR000440,Black Horse Paints
CLKHI000101,Blain Packing
OTHER000003,Blend Polymer industries LLC
CLGJW000042,BLESS ENGINEERING COMPANY (PVT ) LTD
CLKHI000210,BLOW PLAST (PRIVATE) LIMITED
CLKHI000005,Blue Crystal Plastic
CLGJW000081,Blue Dyes
CLSKT000021,BM-JRSAZ ENTERPRISE
CLLHR001188,BNS Plastiic  Lahore 
CLLHR001021,BNT Laminates
CLLHR000070,BNU INDUSTRIES (PVT ) LIMITED
CLISD000019,Bolton Paints
CLGJW000064,Boss chemical industries
CLLHR000841,BRIGHTO CHEMICALS PAKISTAN (PRIVATE) LIMITED
CLLHR000351,BRIGHTO PAINT (PRIVATE) LIMITED
CLLHR000296,Brodo Soft
CLKHI000139,Brookes Pharma  Karachi
CLLHR001303,BROTHERS RISING PLASTIC
CLLHR000377,Buhler Group
CLMRP000004,BULK FLEXIBLES PAKISTAN (PRIVATE) LIMITED
CLFSD000201,Burak Pet
CLLHR000959,Buraq Plastic
CLLHR000027,BURAQ POLYFABRICS (PVT) LTD
CLKHI000130,Burham Enterprises  Karachi
CFCHN000012,Buseong Polycom - Indent
CLLHR000528,Butt Paint Inds
CLLHR001252,Butt plastic band raod
CLGJT000022,Butt Plastic  Gujrat 
CLKHI000039,Butt Printing Ink
CLLHR001304,Butt Trader
CLPSW000065,C&F Shoes
CLLHR000659,cancel
CLLHR000636,Candy Paints
CLLHR000028,Cannon Foam (pvt) ltd 
CLLHR000966,Canon International
CLRWP000038,Canteen Stores Department
CLLHR000029,Capit
CLLHR000196,Capital Industrial Enterprises (Pvt) Ltd 
CLGJW000101,CAPITAL PAINT
CLKHI000294,CARE CHEMICALS
CLGJW000055,Care PPRC
CLLHR000030,CARVAN PLASTIC INDUSTRY (PRIVATE) LIMITED
CLLHR000948,Cash Counter Sale
CLLHR001282,CASH TENDER SALE
CLKHI000099,CBM Plastic Pvt Ltd
CLRWP000012,Celmore Technology
CLKHI000288,CENTURY ENGINEERING INDUSTRIES (PVT) LTD
CLLHR000342,CHACHA BHATTI SHOES COMPANY (PRIVATE) LIMITED
CLLHR000564,Chaman Chemiacal Industries LHR
CLLHR001175,Chamman plastic lahore
CLRWP000033,Champion International Pvt Ltd 
CLLHR000460,Chand Tara Shopping Bag
CLLHR001222,Chatha Plastic Pipe Industry
CLGJW000083,Chattan PPRC
CLLHR000641,Chaudhry Plastic Lhr
CLFSD000004,CHAWALA ENTERPRISES
CLLHR001049,Chawla Limited
CLGJW000038,Cheema Paints
CLLHR001171,Chemi Fast
CLLHR001241,CHEMICAL HIVE
CLLHR001000,Chemical Resource Solution
CFSPN000001,Chemipol
CLKHI000211,CHEMPACK(PVT)LTD
CLLHR000215,Chen One  Lahore
CLGDN000029,CHERAT PACKAGING LIMITED
CLGDN000005,Cherat Poly
CLKHI000129,Cherry Plastic Industries
CLLHR000349,Cherry Plastic  Lahore
CFCHN000004,China National Chemical
CLLHR001116,China Plastic Bund Road 
CLPSW000047,Chinnar Chemicals
CLLHR000863,CHISHTIA PLASTIC INDUSTRIES
CLLHR000869,Chroma Chem
CLLHR000359,Chroma Pigments & Dyestuff
CLGJW000074,Citizen International Plastic Industry
CLLHR000826,CITROPAK LIMITED
CLLHR000295,City Cans
CLFSD000065,City Paints
CLLHR000031,City Poly Pack
CLPSW000009,City Polytex
CLKHI000034,CLARIANT PAKISTAN LIMITED
CLGJW000095,Classic Color  Gujranwala 
CLLHR000608,Classic International Trading
CLFSD000174,Classic Perfume FSD
CLFSD000005,Clover Plastic
CLLHR000423,CM Plastic  Irshad Saeed Packaging
CFCHN000008,CNNC Hua Yuan Shanghai Titanium Dioxide Co  LTD
CLLHR000887,Coat Chem International
CLKHI000112,Colgate-Palmolive (Pakistan) Ltd
CLKHI000189,Color Impex karachi
CLRWP000034,Color Life Paints
CLGJW000105,COLOR MASTER
CLGJW000079,Color Math
CLKHI000184,COMBINE PACKAGES (PVT ) LIMITED
CLLHR000844,Commander Paints
CLGJW000103,COMMANDER SANITARY WARE
CLLHR000032,Continental Plastic Industries (Pvt ) Ltd
CLKHI000006,Continental Plastic KHI
CLLHR000033,Converters (Pvt) Ltd
CLLHR001289,CORAL PAINTS
CLSKT000001,Crown Foam Industries
CLLHR000497,Crown Paint
CLGDN000018,Crown Pipe
CLSWT000001,Crown plastic insdustry
CLGJW000052,Crystal Paint
CLKHI000242,CRYSTAL POLYPROPYLENE INDUSTRIES (PVT) LIMITED
CLLHR001054,CRYSTAL SYNTHETICS (PVT) LIMITED
CLLHR000760,Cynel Paints
CLKHI000188,dadex Eternit Ltd
CLFSD000176,Daewoo Batteries  FSD 
CFCHN000013,Dainichiseika Color & Chemicals Mfg  Co   Ltd
CLLHR001224,DANI PLASTIC INDUSTRIES
CLMUL000071,DANISH INDUSTRY MULTAN
CLKHI000303,Danluq Petro Industries
CLPSW000071,Danyal Trading Agency
CLGJW000067,DAR PLASTIC INDUSTRIES
CLLHR000837,Darson Traders
CLLHR000961,Data Paints
CFCHN000007,Datong Coal
CLKHI000197,DAWLANCE (PRIVATE) LIMITED
CLLHR001221,DAWN IMPEX
CLLHR000555,Dawn Paint Industry Corona
CLFSD000136,Dawood Export
CLFSD000006,Dear Water Tank
CLGJT000002,Decent Plastic
CLLHR001131,Decora Foam Board DPM
CLLHR000364,DECORA PLASTIC INDUSTRIES
CLISD000029,DEEN INDUSTRY
CLPSW000063,Delaax Plastic
CLLHR000394,Delight Paints
CLLHR001287,DELTA PIPE
CLKHI000048,Deluxe Ink
CLLHR000669,Denium Footwear
CLLHR000036,DESCON OXYCHEM LIMITED
CLLHR000335,Designer Soft
CLLHR000302,Desma Shoes
CLKHI000061,Dewan Sugar Mills
CLLHR000539,Dewyne Trade International
CLMUL000069,DG PVC Pipe  Dera Ghazi Khan 
CLLHR000476,Dhanak Paints
CLLHR000238,DIAMOND PAINT INDUSTRIES (PVT ) LIMITED
CLLHR000568,Diamond Plastic Pack
CLPSW000053,Diamond shopping Bags
CLLHR000235,DIC PAKISTAN LIMITED
CLKHI000041,Dilshad Plastic
CLKHI000245,Dollar Industries Pvt  Ltd
CLLHR000720,Dolor Sole Centre
CFKBL000005,Door Mohammad
CLMUL000046,Dost Muhammad & Sons
CLLHR001276,DOTSON SOLE BAND ROAD
CLLHR000366,DS Enterprises
CLLHR000357,Dulux Poly Pack
CLRWT000004,Dura Fit
CLLHR000216,Dura Industries Pvt  Ltd
CLLHR001143,DURA POLYMER INDUSTRIES
CLGJW000077,Duramine Industries
CLKHI000073,Dye Chem Enterprises
CLLHR000633,Dynasty Shoes
CLLHR000888,Eagle Food Industries Pvt  Limited
CLLHR000237,EASTLAND - LAHORE
CLKHI000031,EASTLAND CORPORATION  KARACHI
CLLHR001295,EASY FEET
CLLHR000459,Ecco Soft
CLLHR000978,ECO PLUS polymers
CLISD000036,Ecoflex Plast PVT Limited
CLHAT000011,ECOPACK LIMITED
CLLHR000623,Edge Star PU
CLLHR000893,Edmon Paints
CLLHR001209,Ehtisham Waste Contractor
CLLHR000038,Ejaz Enterprises
CLLHR000278,Ejaz Packages
CLLHR000717,Ejaz Packages (PCC)
CLLHR001194,Electrosole Trades
CLLHR000285,ELEGANT INDUSTRIES (PVT) LTD
CLLHR000393,Elegent Shoes
CLISD000014,Elite Packages Islamabad
CLLHR000616,Emeraude International
CLOKR000001,Energy Care
CLLHR000039,ENGI Plastic Industries (Pvt) Ltd
CLKHI000135,English Biscuits Limited
CLKHI000155,ENGRO FERTILIZERS
CLLHR000040,Epcot LMD
CLGJW000106,Etihad Plastic Industry
CLPSW000058,Etimad Polymer  Peshawar
CLKHI000226,EUROGULF
CLKHI000261,EVER GREEN PLASTIC AND TOYS
CLKHI000247,EVERSHINE INDUSTRIES PVT LTD
CLLHR000309,E-VISION MANUFACTURING LIMITED
CLFSD000056,EXCEL WORLD PVT  LTD
CLLHR000042,EXON ENTERPRISES
CLLHR000041,EXPRESS PAC (PVT ) LIMITED
CLLHR000620,FAFFCO PET INDUSTRIES (PVT) LTD
CLGJW000097,Fahad PVc pipe
CLLHR001105,Faisal Chemicals
CLGJW000080,Faisal Hameed
CLFSD000007,Faisal Madina Plastic
CLLHR000788,Faisal Maqsood Printing Press Lahore
CLLHR001117,Faisal Packages LHR 
CLFSD000100,Faisal Plastic industry FSD
CLLHR000533,Faisal Waste Sale U-I
CLFSD000117,Faisalabad Plastic
CLLHR000371,faiz Chemical
CLKHI000007,Faiz Enterprises
CLLHR001133,Faizan Traders
CLKHI000087,Fakhar Paints
CLKHI000079,Fakkhar Group of Companies
CLFSD000161,FANCY PLASTIC INDUSTRY
CLLHR000458,Fancy Soft
CLRWP000032,FAQSON INTERNATIONAL INDUSTRIES
CLLHR000825,Faraz Shahid Plastic  Lahore
CLLHR000253,FARHAN INTERNATIONAL
CLLHR000971,Farooq & sons Band Road
CLLHR001271,Farooq Arshad - Waste Sales
CLSKT000024,FAROOQ BROTHERS
CLQUT000004,Farooq Ghee & oil
CLLHR000239,FARRUKH HAMEED
CLLHR000482,Farzand Plastic Store
CLLHR000779,Fashion & Feet
CLLHR000900,Fasi & Company
CLFSD000118,Fassi Karachi Traders  Fsd
CLLHR000909,FAST CABLES LIMITED
CLGDN000028,Fast Fiber Gadoon
CLLHR000269,FAST FLOW PIPES PRIVATE LIMITED
CLFSD000130,Fast Inks & Chemicals  Fsd
CLFSD000053,Fateh Textiles
CLRWP000027,Fateyha HDPE Pipes
CLSDQ000001,FATIMA PACKAGING LIMITED
CLLHR000859,FATIMA PLASTIC
CLLHR000385,Fayaz Paint Store
CLKHI000082,Fazal & Sons Pvt  Limited
CLKHI000229,FAZAL AND SONS PACKAGES
CLPSW000060,Fazal Plastic  Peshawar
CLHAT000014,FB TEXTILE (PRIVATE) LIMITED
CLGJW000040,FBW CORPORATION
CLISD000010,FEDERAL PAINT INDUSTRIES
CLLHR000885,Feel Soft
CLKHI000062,Fenchem Bio Tech Limited
CLKHI000008,FEROZ PLASTIC
CLKHI000310,FEROZ BIN QASIM PACKAGES
CLLHR000350,Ferry Paint Industry
CLLHR001023,FF PLASTIC BUND ROAD
CLLHR000982,FG stock Unit I Unit II
CLLHR000827,Fiber Craft  Lahore
CLLHR001130,Fiber Tex Industries
CLFSD000050,FINE ART PRESS
CLLHR000435,Fine Chemicals
CLLHR000650,FINE CRYSTOPLAST PRIVATE LIMITED
CLLHR000043,FINE FIBRES
CLFSD000008,FINE INDUSTRIES (PRIVATE) LIMITED
CLLHR000044,Fine Plastic Industries (Imran   Sb)
CLMUL000006,FINE PLASTICIZERS (PVT ) LIMITED
CLGJW000085,Fine PPRC
CLLHR001279,FINE SOLE BAND ROAD
CLKHI000314,FINE STAR INDUSTRIES (PRIVATE) LIMITED
CLKHI000009,Fine Star Plastic
CLSKT000012,Fircos Shoes
CLLHR000198,Firhaj Footwear
CLLHR001198,FIRST TREET MANUFACTURING MODARABA
CLLHR000544,Fizza Traders
CLFSD000163,Flexotex Water Tank  FSB 
CLISD000016,Flower Shoes
CLKHI000058,FM Shoes
CLLHR001259,FOAMCO (PRIVATE) LIMITED
CLLHR000622,Footmate
CLLHR000512,FOOTPETALS (PVT) LTD
CLLHR000199,For Tech (Pvt) Ltd  (LMD)
CLRWP000020,Force Battery
CLLHR000493,Forvil Cosmetics
CLSKT000004,FORWARD SPORTS (PRIVATE) LIMITED
CLLHR000592,Forwill Cosmetics
CLJAR000001,Fresh Poly
CLPSW000011,Friends Colors Plastic Industry
CLQUT000006,Friends Enterprises PVC Pipe
CLGJW000092,Friends Enterprises  Gujranwala 
CLLHR000769,FRIENDS ENVIRONMENTAL SOLUTIONS
CLLHR001257,FRIENDS INDUSTRIES
CLMUL000026,Friends Plastic Factory
CLHAT000002,Friends Polymer (Pvt) Ltd 
CLRWP000022,Frontier Paper Products (Pvt) Ltd 
CLKHI000238,FULL BRITE PLASTIC INDUSTRIES
CLLHR000449,Functional Chemicals & Polymers
CLLHR000221,Furqan Fiber
CLFSD000051,FUTURE PACK FILMS
CLFSD000009,G H  & SONS PLASTIC INDUSTRIES (PRIVATE) LIMITED
CLLHR001011,G M CABLES & PIPES (PVT) LTD
CLPSW000012,GA POLYMER (PRIVATE)LIMITED COMPANY
CLLHR000045,Gaba Chemical
CLFSD000069,Galaxy PPRC
CLKHI000036,GARIBSONS (PRIVATE) LIMITED
CLLHR000046,Garter Ind
CLISD000015,GD Shoes
CLLHR000821,General Color
CLGJT000019,GENERAL FAN COMPANY (PRIVATE) LIMITED
CLLHR000670,Geo Plastic industry
CLLHR000397,GEO Traders
CLLHR001183,Ghaffar Plastic Lahore 
CLSKT000020,Ghazi Plastic Shopping Bags  Sialkot 
CLLHR000489,Ghouri Inks
CLMUL000018,Ghousia Packages
CLLHR000701,Ghulam Hussain
CLLHR001166,Ghulam Mustafa Waste Customer U-I
CLLHR001018,Ghulam Nabi Waste Contractor U-I
CLGJW000082,GJ INDUSTRIES (PVT ) LIMITED
CLLHR000947,Glitron Products
CLLHR000240,GLOBAL ENTERPRISE
CLLHR000383,GLOBAL INKS & CHEMICALS PVT  LTD 
CLRWP000017,Global Packages
CLLHR001182,Global Packaging Manga Lahore 
CLLHR000644,Gloo Paints
CLSKT000007,Gloves & Gloves
CLLHR000698,GM Cables Lahore
CLLHR000410,GM Chemicals
CLFSD000074,GMSA Chemical
CLLHR000329,Go Walk
CLLHR000813,Gobis Paint
CLLHR001099,Goga Plastic Lahore 
CLFSD000110,GOHAR TEXTILE MILLS (PRIVATE) LIMITED
CLLHR000318,Gold Star
CLRWT000002,GOLDBERG PAINT INDUSTRIES
CLLHR000299,Golden Chemicals
CLLHR001243,Golden Chemicals 
CLLHR000975,Golden Enterprises
CLLHR000686,Golden packages lahore
CLGJW000086,GOLDEN POLY TECH (PRIVATE) LIMITED
CLLHR001073,Golden Water Tanks Mughal Industries 
CLGJT000021,Gondal Industries Gujrat
CLLHR000200,Good Life Shoes
CLLHR000550,Good Paint Industry
CLLHR000796,Good Win Plastic
CLFSD000116,Gourmet Foods  FSD
CLLHR000047,GRACE IMPEX (SMC-PVT) LIMITED 
CLLHR000903,Grace Plastic Industry
CLLHR000946,Green Earth Recycling pakistan
CLLHR000732,Green Foam industry Lahore
CLRWP000002,GREEN FOOTWARE INDUSTRIES
CLLHR000776,GREEN INSULATION (PVT ) LIMITED
CLLHR000048,Green Plastic
CLLHR000496,Green Soft
CLLHR000049,Guddu Toys
CLKHI000060,Guide's Corporation
CLGJW000089,GUJRANWALA FOOD INDUSTRIES (PVT) LTD
CLGJW000008,Gujranwala Food Industry SVA Ruba
CLSWT000002,GUL KHAN SAWAT
CLPSW000044,Gul Printing Packages
CLKHI000233,GULF CHEMICAL PVT LTD
CLLHR000050,GULF FIBER COMPANY PRIVATE LIMITED
CLLHR000491,Gulf Paint Inds
CLLHR000051,Gulshan poly LHR   Mr  Shakeel
CLKHI000136,GUM Corporation  Karachi
CLFSD000132,H & F ENTERPRISES
CLKHI000057,HA Traders
CLLHR001320,HABIB METROPOLITAN BANK LIMITED
CLFSD000172,Habib Plastic  FSB 
CLLHR000867,Habib Titanium
CLPSW000048,Habibullah
CLLHR001086,Hadayat Sons
CLKHI000236,HAFEEZ SONS ENTERPRISES
CLLHR001111,Hafiz Bilal Waste Customer U-I
CLLHR000294,Hafiz Brothers
CLLHR000242,HAFIZ ENTERPRISES
CLLHR000052,Hafiz Iqbal Brothers
CLLHR001050,Hafiz Shopping Bag
CLFSD000166,Haider Poly Packages  FSB 
CLFSD000199,HAJI PRINTERS
CLLHR001251,Haji Zahid shopping
CLPSW000013,Haji Zarghon
CLLHR001081,Hakim Khan waste customer U-I
CLLHR000339,Halal Dyes
CLFSD000160,Haleem Kaleem Poly  FSB 
CLLHR000507,Hameed Packaging Industry Limited
CFKBL000002,Hamid Sharfi
CLLHR000314,Hamza Chemical
CLLHR000598,Hamza Paint
CLLHR000210,Hamza Plastic Old
CLMUL000061,Hamza Trader
CLLHR001024,Hamza waste contractor U-I
CLKHI000067,Hani Son's Textile
CLLHR001225,HANIF & SONS TRADERS
CLLHR001016,Hanif Waste Contractor U-I
CLFSD000094,Happiness Industries
CLLHR000055,Haris Silicion
CFKBL000011,Haris Wali Fiber  Afghanistan 
CLPSW000010,HAROON ENTERPRISES DNC
CLRWP000035,Haroon Trader  Rawalpindi 
CLRWP000016,Haroon Traders
CLKHI000089,Harris Plastic
CLLHR000552,Haseen Group
CLLHR000437,Haseen Rubber
CLPSW000068,Hasham Waste contractor U-I
CLGJW000070,HASHIM KHUDADAAD HAMID (SMC-PRIVATE) LIMITED
CLLHR001169,HASNAIN PLASTICS (PRIVATE) LIMITED
CLLHR000056,HASSAN LEATHER INDUSTRIES
CLLHR000983,Hassan Plas
CLLHR000338,HASSAN PLAS INTERNATIONAL
CLLHR000602,Hassan Plastic Lhr
CLLHR000954,HASSAN PLASTIC WORKS
CLLHR001001,Hassan Traders LHR
CLLHR001027,Hayat Plastic
CLGJW000024,HB Plastic
CLLHR000511,Head Office (BR)
CLRYK000002,Heera Plastic (Heera Pesticide)
CLLHR001135,Hero Cables
CLSGD000008,Hero Pak Electrical Industry
CLFSD000071,HHH Plastic
CLKHI000147,Hi Make Industries  Karachi
CLLHR000665,Hi Tech Blending Pvt ltd
CLSKT000017,Hibco International  Sialkot 
CLISD000003,High Precision Engineering Multi Tech
CLMUL000056,High Resolution Industry
CLLHR000236,HIGH TECH PRINTING INK
CLISD000033,HIKMAT PUMP IMPORT AND EXPORT INDUSTRY (PRIVATE) LIMITED
CLLHR000567,Hilal Coating Industry
CLKHI000223,HINAH IMPEX
CLLHR000057,HIRA PLASTIC WORKS (PVT) LTD
CLKHI000221,HI-TECH INKS
CLKHI000010,HMK international
CLKHI000086,HN Enterprises
CLLHR000053,HNR COMPANY (PVT) LIMITED
CLLHR000446,Home Color Paints
CLGJW000035,Home Light Paints
CLRWT000001,Home Style Paints
CLLHR000895,Honey Gold Paints
CLFSD000183,Hoorain Plastic Industry
CLFSD000153,Horizon International
CLKHI000230,horizon sourcing
CLKHI000264,hPack
CLFSD000010,HR PACKAGES & PRINTERS 
CLLHR001044,HT Plastic
CLKHI000145,Hub Poly Packages Pvt Limited
CLKHI000217,HUB STAR FOAM PVT LTD
CFKBL000004,Humyun Durani  Kabul 
CLLHR000273,Husnain Plastic
CLLHR001080,Hussain Brothers
CLFSD000175,Hussain Dyes Faisalabad 
CFCHN000005,Huzhou Ochem
CLKHI000220,HYGIENE CONTAINERS (PRIVATE) LIMITED
CLMUL000038,Hygiene Industries
CLFSD000011,I J PLASTIC INDUSTRIES (PVT) LTD
CLLHR000452,I A & Brothers
CLKHI000011,IB Plastic
CLLHR001249,IBRAHIM ALI PLASTIC WORKS (PRIVATE) LIMITED
CLGDN000006,Ibrahim Industry
CLLHR000840,Ibrahim Plastic  Lahore
CLOKR000002,ICE Age Industry
CLLHR000752,ICI Pakistan limted
CLLHR001322,IDAK PLASTIC MOLDING
CLLHR000749,Ideal Foot Fellow
CLLHR000333,Ideal Rubber
CLLHR000197,IDEAL RUBBER & ENGINEERING INDUSTRIES
CLKHI000286,Idrees Ahmed
CLLHR001132,IF Chemicals
CLFSD000085,Iftikhar ALi Plastic Molding
CLLHR001041,Ijaz chemical
CLLHR000926,Ikhlaq Plastic
CLLHR000916,Ikon Plastic
CLBWP000003,IKRAM AND SONS PLASTIC
CLFSD000207,IKRAM PLASTIC FACTORY
CLFSD000090,Imambari Plastic
CLLHR000586,Imran - Waste Sales
CLKHI000164,Imran Crown Cork
CLFSD000119,Imran Dyes  Faisalabad
CLLHR000834,Imran Faizan Plastic  Lahore
CLLHR000058,Imran Plastic LHR
CLLHR000761,Imran Waste contractor unit-I
CLLHR001134,Imran Waste Customer U-I
CLLHR001020,Imran Wood Waste Contractor U-I
CLLHR000417,Imtiaz Chemical
CLLHR000304,Imtiaz Pet Bottles Pvt  Ltd 
CLLHR000059,Imtyaz Plastic Work
CLLHR000407,Indus Motor Ltd
CLKSR000004,INDUS PAINT
CLLHR000280,Indus Sole Center
CLSKT000002,Industrial Gateway
CLKHI000215,INNOVA PACKAGING (PVT ) LIMITED
CLLHR000988,Innovative Mechanical Solution
CLLHR000405,Innovative Plastic Manufacturing Co 
CLLHR000925,INSPIRE ENGINEERING WORKS
CLLHR000327,INSTAPLAST (PRIVATE) LIMITED
CLLHR001019,INTEGERATED ENGINEERING SERVICES (PRIVATE) LIMITED
CLLHR000060,Intelligent Metering Systems (Private) Limited
CLLHR001129,Inter Sales   Inter Chem
CLLHR000262,INTERMARKET
CLKHI000030,INTERNATIONAL CAPS COMPANY
CLKHI000181,International Industries Karachi Limited 
CLLHR000985,INTERNATIONAL INDUSTRIES LIMITED
CLPSW000039,International Marketing
CLLHR001005,International Petro Chemicals
CLLHR001191,IP INDUSTRY (PRIVATE) LIMITED
CLLHR000061,Iqbal Plastic
CLKHI000248,IQBAL TRADER PVT LIMITED
CLLHR001266,IQRA PIPE STORE
CLLHR001275,IQRA PLASTIC FACTORY
CLLHR000977,Irfan Plastic Peshawer
CLPSW000055,Irfan sb Jumbolon Maaz
CLKHI000192,Irfan Traders
CLLHR001245,Irfani Engineering Work
CLLHR000529,IRSHAD SAEED PACKAGING PVT LTD
CLLHR000557,Ishaaq Sons
CLFSD000014,ISHAQ POLY PROPYLENE (PRIVATE) LIMITED
CLKHI000105,ISIS PHARMACEUTICAL & CHEMICAL WORKS
CLFSD000062,ITC Plastic
CLLHR000976,Ittefaq Plastic Bund road
CLLHR000062,Ittefaq Plastic Lhr
CLISD000025,Ittefaq Plastic  Islamabad
CLFSD000015,ITTEFAQ POLY PACKAGES
CLLHR000347,Ittehad Packages
CLPSW000034,Ittehad Plastic
CLMUL000036,J S POLY
CLGJW000028,J&J CORPORATION
CLKHI000205,J M SONS PVT LTD
CLFSD000054,J P  PLASTIC INDUSTRIES (PRIVATE) LIMITED
CLSKT000025,J SCOUT SPORTS
CLLHR000632,Jaffar Chemicals
CLLHR000969,Jahangir Chemicals
CLPSW000073,JAHANZAIB PLASTIC INDS 
CLKHI000227,JAI PLASTIC INDUSTRY
CLGJW000072,Jakko PPRC Gujranwala 
CLLHR000499,Jamal Chemical
CLFSD000016,Jamal Fiber
CLLHR000724,Jamal Pipe Industries
CLLHR001272,Jameel Ahmad Waste Contractor U-I
CLFSD000017,Jameel Industry
CLKHI000012,Japan Packages
CLLHR000063,Jasmine Poly Bag
CLFSD000164,Jatt Plastic
CLLHR000065,JAVAID INTERNATIONAL (PRIVATE) LIMITED
CLLHR001267,JAWA CHEMICAL
CLLHR000433,JAWA PAINT INDUSTRY
CLLHR000298,Jawaid Plastic  Malik Nasir
CLFSD000055,JB Packages
CLLHR000064,Jet Plas
CLLHR000810,JETSIL MICRON   MR  FURQAN ASLAM
CLSGD000009,JHI Plastic
CFCHN000010,Jiangsu shuangle
CLKHI000270,JILANI INDUSTRIAL CORPORATION (PRIVATE) LIMITED
CLLHR000066,JILANI POLY INDUSTRIES (PRIVATE) LIMITED
CFAFG000005,Jillani Abaseen
CLKHI000177,JILLANI FLEXIBLE PACKAGES (PRIVATE) LIMITED
CLLHR000721,Jillani Multpack Pvt Ltd
CLLHR001067,Jillani Plastic - CALPET
CLLHR001068,Jillani Poly - CALPET
CLMUL000032,Jillani Trader Multan
CFCHN000003,Jinan Yuxing Chemical Co   Ltd
CLLHR000520,JP Shoes
CLGJW000054,JR Plastic
CLLHR000067,Junaid Plastic House
CLLHR000068,JW Industry
CLLHR000485,JW VENDOR CITY (PRIVATE) LIMITED
CLLHR000069,K Shoes LMD (Sundar)
CLLHR000373,K  M  FOOD INDUSTRIES (PVT ) LIMITED
CLLHR000071,K  S  F TRI-ZONE INDUSTRIES (PVT ) LIMITED
CLPSW000014,K K ENGINEERING & PP MAT INDUSTRIES
CLKHI000103,K S Enterprises
CLLHR000865,K S F Trizone (Calpit)
CLLHR000703,Kadam Soft
CLFSD000122,Kalash Textile  Fsd
CLLHR000494,Kamal Khan PU
CLFSD000137,Kamal Limited  FSD
CLRYK000001,Kamboh Plastic
CLLHR000950,KAMRAN INDUSTRIES
CLLHR001184,kamran plastic Band Road
CLFSD000113,Kamran Textile Mills
CLKHI000190,Kansai Paint (IID)
CLKHI000111,KANSAI PAINTS (PVT) LIMITED
CLFSD000083,Karachi Plastic FSD
CLISD000011,KARACHI PRINTING SERVICES
CLGJW000107,Karam Plastic Colors&Chemical
CLSKT000010,Karam Poly Pack
CLLHR000524,Karamat & Sons
CLFSD000198,KARAMAT ALI
CLMUL000073,KAREEM PACKAGES
CLKHI000013,Karim Container
CLKHI000251,KARIM CONTAINERS (PRIVATE) LIMITED
CLFSD000171,KARMAN WALA PLASTIC
CLFSD000049,KARSS PAINT
CLFSD000057,KARSS PAINT INDUSTRIES (PVT) LTD
CLLHR000933,Kashif Industries
CLPSW000078,KAWSAR ENGINEERING (PRIVATE) LIMITED
CLFSD000111,Kay & EMMS
CLKHI000059,Kay Shoes
CLLHR000072,Kelidex
CLLHR001095,Kenzo (IID)
CLLHR001187,KF Chemicals
CLGJT000025,KHALID BAG MAKER
CLKHI000307,Khalid Industry
CLLHR000631,Khalid Mehmood Waste sale Contractor U-I
CLSKT000014,Khalid Tahir brother
CFKBL000008,Khalil Yousafi
CLLHR000073,KHALIS FIBRE (PRIVATE) LIMITED
CLLHR000626,Khan Plastic
CLPSW000049,KHAN POLYMERS (PRIVATE) LIMITED
CLPSW000035,Khawaja & Sons
CLLHR001178,Khawaja Adhesive Taps PVT LTD
CLKHI000014,Khawaja Ali
CLLHR000074,Khawaja Electronics
CLLHR000243,KHAWAJA MAQBOOL & CO 
CLMUL000020,Khawaja Minerals
CLFSD000168,Khawaja Packages  FSB 
CLMUL000033,Khawaja Paints & Chemicals
CLLHR000075,Khawar Plastic
CLSKT000029,KHOKHAR OF SIALKOT 
CLLHR001306,khurram mazhir
CLGJW000094,Khurram Pet Gujranwala
CLFSD000169,Khurram Shahzad FSB
CLLHR001180,khursheed norani lahore
CLLHR001032,Khurshid Enterprises
CLRWP000010,Khyber Plastic
CLPSW000062,Khyber Plastic (CMD)
CLMUL000034,King Packaging
CLLHR001302,KING POWER PLASTIC
CLGDN000020,KINGRISE PETROCHEMICAL (PVT) LTD
CLKHI000124,KK Plastic Karachi
CLLHR000541,KLASS ELECTRIC COMPANY
CLFSD000019,Kohistan Poly Packages
CLKHI000148,KOLACHEE INTERNATIONAL
CLKHI000214,KOLACHEE INTERNATIONAL (PRIVATE) LIMITED
CLLHR000548,Kold Karaft
CLKHI000015,KOMPASS PAKISTAN (PRIVATE) LIMITED
CLLHR000614,Konica Minolta Office Automation Group
CLKHI000143,Korona Films Pvt  Limited  Karachi
CLLHR000324,K-PACK (PRIVATE) LIMITED
CLLHR000461,KR Industry
CLLHR000538,KT Shoes
CLLHR001313,KUKU INDUSTRIES  LUSTRE A Z & CO (PVT) LTD
CLLHR000286,Lahore Color
CLLHR001006,Lahore Medical Instrument
CLLHR000447,Lahore Paint House
CLLHR000767,Lahore Paint Industry (IID)
CLLHR000871,Lahore Poly (Pvt) Ltd - Calpet
CLLHR000076,LAHORE POLYPROPYLENE INDUSTRIES (PVT) LIMITED
CLSKT000013,Lahore Traders
CLKHI000287,LAKHANI GLASS (PVT) LTD
CLKHI000016,LAKHANI POLYBAG INDUSTRY
CLPSW000052,Lasani Chatie
CLLHR000077,LASANI FIBER INDUSTRIES (SMC-PVT ) LTD 
CLLHR000501,Lasting EVA
CLLHR000939,Latif Waste contractor Unit-I
CLGJW000060,Leader Plastic Guj
CLLHR001113,Liaqat Ali Waste Customer U-I
CLLHR000500,Life Care PPRC
CLLHR000311,Life Sole
CLLHR000078,Life Style
CLLHR000642,Lime Stone Pvt Ltd
CLLHR000272,Lion Soft
CFIND000002,Lona Industries Limited
CLKHI000315,LOVING LEATHER
CLLHR000080,LUCKY PACKAGING INDUSTRIES (PVT) LTD
OTHER000005,Lucky plastic Abbtabad
CLLHR001040,Lucky Plastic ind  CCT
CLLHR000079,LUCKY PLASTIC INDUSTRIES (PRIVATE) LIMITED
CLLHR000645,Lucky Plastic Pet  Lahore
CLLHR001144,Luqman Enterprises
CLFSD000156,LyallPur Poly
CLFSD000193,M AFZAL ENTERPRISES
CLLHR000081,M  Arshad
CLFSD000177,M  N  CHEMICAL INDUSTRIES (PRIVATE) LIMITED
CLFSD000089,M A Plastic
CLLHR000037,M A POLYMERS
CLKHI000297,M AHSAN KHAN
CLLHR001236,M H Y POLY INDUSTRIES (PRIVATE) LIMITED
CLLHR001070,M I Plastic Lahore
CLLHR001120,M Iqbal Waste Customer U-1
CLSKT000026,M J Paint Industry
CLFSD000134,M K Sons FSD
CFKBL000012,M Latif Sharfi Kabul 
CLMUL000068,M M Baksh Pipe store
CLLHR000597,M M Zahoor Traders
CLMUL000021,M M  PLASTIC INDUSTRY
CLKHI000077,M Mezher
CLFSD000047,M N  SONS
CLHAT000003,M S Poly Packages
CLKHI000200,M S POLYMER
CLGJT000023,M S I Fan Ind  Gujrat 
CLKHI000208,M ZAHID SHOE SOLE MFG
CLLHR000830,M S Rafique Polymers Industries
CLLHR000729,MA Pet Plastic Lahore
CLLHR000740,Ma Shaa ALLAH Plastic
CLKHI000283,MAA PLASTIC-HUB
CLFSD000191,MADINA PLASTIC FACTORY
CLLHR000082,MADINA POLY PACKAGES
CLFSD000165,Madina Sugar Mills LTD
CLRWP000003,Madina Trading(Rawlpdi)
CLGJW000010,Madni Polytex Gujranwala
CLLHR001014,Madni Trader Bund road
CLLHR000083,Maestro Plas
CLLHR000277,MAF Plastic
CLFSD000202,MAHAR IRRIGATION SYSTEM (PRIVATE) LIMITED
CLKHI000152,MAINETTI PAKISTAN (PRIVATE) LIMITED
CLKHI000298,majestic watercool khi
CLLHR000596,Majid Paint Industry
CLLHR000958,Makhdoom Plastic Lahore
CLFSD000184,Makkha Plastic  Faisalabad 
CLLHR001312,MALEK FOAM INDUSTRY (PRIVATE) LIMITED
CLLHR000088,MALIK & COMPANY
CLLHR000607,Malik (Arif Sunder)
CLLHR000643,Malik Abdul Ghafoor Waste Contractor Unit-I
CLLHR000084,Malik Babar Plastic   Rauf Shoping Bags
CLMUL000029,Malik Faisal
CLLHR001206,Malik Mehboob plastic
CLLHR000510,Malik Mumtaz
CLLHR001036,Malik Mushtaq Waste U-1
CLLHR000085,Malik Nadeem Plastic
CLSKT000022,MALIK PACKAGES
CLRWP000025,Malik Paints
CLFSD000020,Malik Plastic Printers
CLRWP000004,Malik Plastic Rawalpindi
CLGJT000003,Malik Polypropelene Gujrat
CLLHR000880,Malik Riaz waste contractor
CLLHR000570,Malik Saqib
CLLHR000839,Malik Wasim Waste contractor U-I
CLLHR000209,Malik Younas Plastic
CFIND000001,Mallak Specialities
CLLHR000534,Malo Corporation Industry
CLLHR001231,MAMZ ASPHALT TECHNOLOGIES PVT LTD
CLKHI000125,Man Enterprises
CLMUL000053,Mansoor Sb 
CLLHR000086,Mapco Poly Bag
CLLHR000535,Maqbool & Sons
CLKHI000292,MAQSON SYNTHETICS
CLKHI000033,MAQSOOD AHMED TRADERS
CLLHR000998,MAQSOOD FAISAL PRINTING PRESS (SMC-PVT) LIMITED
CLFSD000003,MAQSOOD PLASTIC
CLLHR000635,Maqsood waste Contractor Unit-I
CLGDN000007,MARGALA PACKAGES & ALLIED INDUSTRIES (PRIVATE) LIMITED
CLGDN000032,Margalla Packages (Calpit)  Gadoon 
CLISD000004,Margalla Trading Co
CLISD000005,MARK INDUSTRIES
CLMUL000027,Marko Paints
CLKHI000185,Maryam Trader   Karachi 
CLLHR000952,Masood Textile
CLGJW000075,Master Ballpoint Pen Industries (PVT) Ltd
CLLHR001274,MASTER ENERGY
CLKHI000167,MASTER ENGINEERING
CLKHI000017,MASTER ENTERPRISES (PVT) LTD
CLGJW000044,Master Fit
CLHAT000004,Master Karachi Tuff
CLLHR000630,Master Paint
CLFSD000021,Master Pipe Industry Pvt Ltd 
CLLHR000474,Master Plastic (Lhr)
CLKHI000183,Master Plastic Karachi
CLGJW000099,Master Plastic Moulding Gujranwala 
CLGJW000011,Master Plastic Pack (Film)
CLGJW000012,Master Poly Plastic  Gujranwala
CLLHR000341,Master Sole
CLLHR000282,MASTER SYNTHETICS (PRIVATE) LIMITED
CLFSD000181,Master Tuff PPRC Pipes  Faisalabad
CLLHR000560,Master Tuff Tank
CLQUT000001,Master Water Tank
CLKHI000275,Master Water Tank KHI
CLRWP000019,MATRIX
CLLHR001280,MAXGUARD
CLKHI000216,MAXX
CLKHI000127,Mayani Poly karachi
CLKHI000246,MAYANI POLY PACKAGES PVT  LIMITED
CLKHI000078,Mazhar Sb
CLPSW000076,MB PLASTIC ENTERPRISES
CLMUL000028,MDG Industries
CLLHR001087,MECHFIT INDUSTRIES
CLSKT000006,Medical Devies
CLKHI000254,MEDIPLAS INNOVATIONS (PRIVATE) LIMITED
CLLHR000367,Meezan Plastic
CLPSW000045,Meezan Plastic (PSW)
CLLHR000444,Mega Corporation
CLLHR001216,MEGA PLAST
CLKHI000237,MEGA PREFORM HYDERABAD
CLLHR000793,Mehar Plastic
CLLHR001160,Mehar Plastic Lahore
CLKHI000313,MEHBOOB PLASTIC
CLGJW000087,Mehboob PPRC
CLKHI000076,Mehmood Brothers
CLMUL000016,Mehmood Chemical
CLLHR000646,Mehran Foam  Lahore
CLKHI000131,Mehran Hair Brush Mfg
CLKHI000128,Mehran plastic industries Khi
CLGJW000036,Mehran PPRC
CLGDN000023,Mehran Tayef Plastic Gadoon
CLKHI000032,MEHTABUDDIN
CLLHR001309,MERIT CHEMICAL INDUSTRIES
CLKHI000019,METATEX (PRIVATE) LIMITED
CLLHR000201,METRO FLEX INDUSTRIES (PRIVATE) LIMITED
CLLHR000480,Metro Shoes
CLFSD000022,Mian Abdull Sattar
CLFSD000128,Mian Aslam & Sons  Fsd
CLLHR000090,MIAN BROTHERS POLYPROPYLENE INDUSTRY (PVT ) LTD
CLLHR000624,Mian G Plastic
CLFSD000023,MIAN IQBAL SONS POLY SACK
CLLHR000275,Mian Naseer Plastic
CLKHI000020,MIAN NAZIR SONS INDUSTRIES (PRIVATE) LIMITED
CLSKT000015,Mian Packages Daska 
CLMUL000055,Mian Pesticids Limited
CLRWP000014,MIAN PLASTIC INDUSTRY
CLSGD000012,MIAN TRADERS
CLLHR001158,Micro Engineering
CLKHI000049,Middle East Footwear
CLLHR000290,Migo International
CLLHR000546,Millat Industries LHR
CLKHI000249,MILLAT INDUSTRIES PVT LTD
CLGJW000104,Millat Plastic Store
CLKHI000021,MILLENNIUM INDUSTRIES (PRIVATE) LIMITED
CLLHR001091,MILLION CLASSIC CABLES (PRIVATE) LIMITED
CLLHR000398,Minhaj Engineering
CLLHR000431,Minhaj Paints
CLGJW000071,Minhaj PPRC Pipe & Fittings
CLGJW000049,Minhas Pvc Pipe
CLPSW000016,Mir Salaam
CLLHR001176,Miraj Khalid Waste Customer U-I
CFAFG000007,Mirwise Khan
CLLHR000368,Mirza Ink
CLFSD000024,Mirza Saleem Chughtai Poly
CLPSW000017,Mishal Industries
CLPSW000015,MJ PLASTIC INDUSTRY
CLLHR000091,MK Plas
CLPSW000018,MKB Enterprises
CLGDN000019,MKB Industries
CLLHR001308,MLA PLASTIC
CLLHR001213,MM Plastic
CLFSD000076,MM PPRC
CLLHR000725,MM Sole Lahore
CLSGD000001,Mobi Paints
CLLHR000434,MOD Paints
CLKHI000126,MODERN PLASTICS
CLLHR000454,Modest Soft
CLLHR001162,Mohsin & co
CLLHR001299,Mohsin plastic shahdara
CLLHR000612,Mold Craft
CLLHR001124,Moman Pet  Raiwind Lahore 
CLLHR000310,Moon Sole
CLLHR001268,MOON STAR  BAND ROAD
CLLHR000092,Moon Star Plastic
CLKHI000174,Moonlite Industries
CLLHR000780,Morsoft
CLLHR001193,MOVE PLASTIC
CLLHR001314,MOVE PLASTIC SUNDER ESTATE
CLLHR000291,MPI PRIVATE LIMTED
CLHAT000009,Mr Yasir
CLMUL000022,Mr  Abid
CLFSD000025,MR  FAISAL
CLFSD000148,Mr  Khurshid  Ahmed
CLMUL000047,Mr  Sabir Multan
CLFSD000048,MR  SHAKEEL
CLLHR000312,Mr  Umar Iqbal
CLLHR000223,Mr Faheem
CLLHR000331,Mr Farman
CLMUL000017,Mr Sajid
CLLHR000270,Mr Saleem
CLPSW000019,Mr Shahid (S S Poly)
CLGJW000058,Mr Zubair   Haroon Traders
CLLHR001022,MRS Chem
CLLHR000424,MRT Enterprises
CLGJT000013,MS Engineering
CLFSD000142,MS Enterprises  Fsd
CLLHR000343,MS Plastics
CLLHR000657,MS Sole
CLLHR000728,MSB Shoes
CLLHR000905,MUBASHIR ENTERPRISES
CLLHR001238,Mubeen Khan Unit 2 Waste Contractor
CLKHI000093,Mughal Brothers
CLLHR000503,Mughal Plas (Plas Pack)
CLLHR000372,Mughal Plastic
CLLHR001010,Mughal Plastic Begam kot
CLISD000021,Mughal Plastic Islamabad
CLKHI000119,Mughlia Enterprises
CLLHR000585,Muhammad Abbas - Waste Sales
CLLHR001215,Muhammad Abdulla
CLQUT000002,Muhammad Afzal
CLGJT000014,Muhammad Aslam Gujrat (WIL)
CLLHR001242,Muhammad Azam(Waste Contractor) U-1
CLLHR001319,MUHAMMAD AZEEM
CLLHR001200,Muhammad Azeem Lahore 
CLLHR001062,Muhammad Iqbal - Car Sold
CLMUL000043,MUHAMMAD KASHIF
CFKBL000009,Muhammad Khan Peshawar
CLRWP000005,Muhammad Plastic
CLLHR000584,Muhammad Sarwar - Waste Sales
OTHER000002,Mujeeb Afghan
CLLHR000527,Mukadar Paints
CLFSD000026,Mukhtar Poly
CLLHR000656,Mukram Traders
CLSKT000027,Multi Care Insulation Industries Pvt Ltd 
CLLHR001247,MULTI PACK
CLLHR000439,Multi Resin Industry
CLLHR000857,Multicore Cables
CLLHR000258,MUMTAZ FOAM
CLLHR000321,Mumtaz Packages (PCS)
CLLHR000093,Mumtaz Plastic
CLRWT000006,Mumtaz PPRC
CLPSW000036,Munawar Plastic
CLLHR000353,Munawar Traders
CLKHI000053,MUNDIA EXPORTS
CLKHI000204,Mundia PE
CLLHR000464,Muneeb Chemicals
CLLHR000862,Muneeb Plastic
CLLHR000747,Munir Ahmad Waste Contractor
CLLHR000094,Munir dry color M B
CLFSD000027,Murtaza Plastic
CLLHR000994,Murtaza Plastic LHR
CLLHR001100,Murtaza Traders
CLLHR000095,Musa Poly Pack
CLFSD000075,Mushi Closure
CLFSD000204,Mushtaq Sewing Machine Industries 
CLSKT000005,Muslim Chemicals
CFAFG000002,Mustafa Kabul
CLKHI000085,Mustafa Traders
CLKHI000280,Mustafa Traders KHI
CLLHR000572,Mustjab Industry Pvt Ltd 
CLKHI000107,Muzamil Javaid
CLLHR000802,Muzammil Mat Industry
CLISD000040,MUZZAFAR & BROTHERS
CLLHR000244,N T  INDUSTRIES
CLSKT000023,NADEEM MARTIAL WORKS
CLLHR000340,Nadeem Plastic
CLLHR000469,Nadeem Trowel
CLLHR000096,NAEEM NADEEM PLASTIC (PRIVATE) LIMITED
CLLHR000097,Naeem Plastic Lahore 
CLLHR000655,Naf Pack
CLPSW000004,NAFEES PLASTIC INDUSTRIES 
CLLHR000571,NAFEES POLYPACK (PRIVATE) LIMITED
CLLHR000098,Nafees Polypropelene Lahore
CLKHI000243,NAJAM ASSOCIATES
CLMUL000007,NASCO PRIVATE LIMITED
CLFSD000028,NASEEM PLASTIC HOUSE
CLPSW000037,Naseer Poly Propylene
CLLHR001218,NASIR & SONS ENGINEERING COMAPNY
CLLHR000099,Nasir Ahmad
CLLHR000581,Nasir Ahmad Waste Contractor Unit-I
CFKBL000003,Nasir Fiber
CLLHR001234,NASIR LAMINATION
CLHYD000005,Nasir Meera Chappal
CLLHR000224,Nasir Plastic
CFAFG000009,Nasri & Company
CLLHR000573,Nation Paints   AR Paint Industries
CLLHR000202,National Foam
CLHYD000001,National Packages
CLLHR000794,National Plastic  Lahore
CLKHI000022,NATIONAL PRECISION PLASTIC PRODUCTS
CLLHR000558,Natural Cooler
CLLHR000915,Natural Cooler (CMD)
CLGJW000013,NAUBAHAR BOTTLING COMPANY (PVT) LTD 
CLLHR000972,Naveed Plastic Bund Road
CLGDN000008,Nawaz Gul Rex Polymer
CLLHR000100,NAYYER CARPET (PRIVATE) LIMITED
CLGJT000010,Nayyer Industry  Gujrat 
CLLHR000101,Nazir Plastic Lhr
CLLHR000102,Nazir Traders  Lahore 
CLLHR000103,ND Packages  Jaranwala Road (CMD)
CLKHI000064,Neelum Industry
CLLHR000260,NELSON PAINT INDUSTRIES (PVT) LTD
CLLHR000756,Nelson Chawla Paints
CLLHR000741,Neotex  Lahore 
CLLHR000681,Nestle Pakistan ltd
CLLHR000346,New Chemical Centre
CLKHI000154,NEW ERA INDUSTRIES (SMC-PVT) LTD 
CLSHK000001,New Friends Polypropylene
CLLHR000388,New Jeuua Sole
CLLHR001039,New Madina Color
CLLHR000105,New Malik Polypropelene Lahore
CLLHR000225,New Prime Poly
CLLHR000384,New Ravi Paint
CLKHI000224,NEW RAVI PLASTIC
CLLHR000509,New Saniyo Soft
CLLHR000376,New Sheikh
CLMUL000072,NEW STAR CHEMICALS
CLISD000006,New Tech
CLLHR000604,New Universal Associates
CLKHI000304,New Vision Poly
CLLHR001315,NEW WAHDAT COLOUR 
CLLHR000104,NEWAGE PLASTICS (PRIVATE) LIMITED
CLLHR001260,NEXTECH PACKAGES (PVT ) LIMITED
CLFSD000104,Niagara Mills ltd (Textile)
CLLHR000322,Nimir Industrial Chemicals
CLLHR000854,Nippon Paints  Lahore
CLPSW000020,Nisar Plastic (peshawar)
CLLHR001101,Nishat Chunian Limited
CLLHR001285,Nitro Chemicals
CLLHR000381,Niyamat Traders
CLLHR000473,Nizami Trader
CLLHR000768,NJS Sole
CLLHR000106,NK Plas
CLMUL000030,nn poly
CLLHR000192,Noble   Al-Khair Foam Pvt Ltd
CLISD000017,NOBLE ENTERPRISES
CLISD000034,Noble Enterprises DPM
CLGJW000029,NOMAN CHEMICALS
CFAFG000003,Noor Ali
CLLHR000943,Noor Muhammad Waste Contractor Unit-I
CLLHR000226,Noor Pipe Industry
CLMUL000008,Noor Plastic Industry Multan
CLPSW000051,Noor Zamaan PSW
CLLHR000325,Noorani Plastic
CLLHR000416,Norson Paints
CLLHR001190,Nova Star Plastic
CLLHR001146,Nova Stationery  Lahore 
CLISD000039,Nova Synpac (pvt) Ltd 
CLKHI000306,NOVALON POLYMERS SMC-PVT LTD
CLLHR001170,NOVAPACK PRIVATE LIMITED
CLKHI000265,NPI HYDERABAD
CLKHI000234,NPI INDUSTRY HYD
CLCHK000001,NR-SANA POLYPROPYLENE INDUSTRY (PRIVATE) LIMITED
CLLHR000848,NUSRAT INDUSTRIES
CLLHR001084,Oaks Pakaging  Lahore 
CLLHR000109,OASIS PACKAGING INDUSTRIES (PVT) LTD 
CLLHR000828,Ocean Flexo
CLLHR000107,Ocean Plastic Industry  Lahore
CLLHR000801,Ocean Plastic  CCD
CLLHR000108,Ocean Plastic SVA Ruba
CLKHI000239,OIL INDUSTRIES PAKISTAN (PRIVATE) LIMITED
CLPSW000041,OLYMPIA FOAM INDUSTRIES (PRIVATE) LIMITED
CLPSW000021,OLYMPIA POLYTEX INDUSTRIES (PRIVATE) LIMITED
CLLHR000246,OLYMPIA SYNTHETICS LIMITED
CLLHR000483,Olympia Traders (Lhr)
CLSHK000005,Omais Pack
CLHYD000002,Omni Poly Propylene
CLLHR001256,OmyaPack (Pvt ) Ltd 
CLLHR000991,Online Account Bund Road
CLLHR000726,Orbit industries
CLLHR000739,Orbit Industry
CLLHR001047,Orient Home Appliances  Lahore 
CLLHR000901,Orient Ink & Chemical Industry
CLKHI000186,ORIENT PLASTCARE PAKISTAN
CLSWL000001,Orient Plastic
CLLHR000492,Orient Textile
CLKHI000121,ORIENT TRADERS
CLLHR000755,Orifit Shoes
CLKHI000209,Osaka Paints
CLLHR000110,OVAL PLASTIC (PVT) LTD
CLLHR000468,OZONE CONSTRUCTION CHEMICALS (PRIVATE) LIMITED
CLLHR000986,P Tech
CLLHR000521,Pack Sole Pvt Ltd
CLLHR000716,Pack Tech lahroe
CLLHR001290,PACKAGES CONVERTORS LIMTED
CLLHR000111,Packages Limited
CLLHR000445,PACKAGING EXAMPLAR TECHNOLOGY (PRIVATE) LIMITED
CLLHR000112,Packers Pakistan Lhr 
CLKHI000168,Packon Manufacturing
CLLHR001258,Packworld
CLLHR000648,Pafars Chemicals Company
CLISD000041,Pak Agro Packaging Pvt Ltd
CLQUT000003,Pak Arab Water Tank  Quetta
CLFSD000182,Pak Asia Polymers  Faisalabad 
CLLHR000606,Pak Ban Fiber
CLLHR000428,PAK ELEKTRON LIMITED
CLLHR000540,Pak Enterprises
CLLHR001300,Pak Homeo Pharma
CLKHI000231,PAK INDUSTRIES
CLPSW000022,Pak International Ind Peshawar
CLRWP000039,PAK LINE NON WOVEN FABRIC
CLLHR000113,Pak Noorani Plastic
CLLHR000723,Pak Packages
CLLHR000248,PAK PAINT
CLKHI000160,PAK PET (PRIVATE) LIMITED
CLGJW000014,Pak Plascon Gujranwala
CLKHI000037,PAK PLASTI PACK INDUSTRIES PVT LIMITED
CLSKT000016,PAK PLASTIC
CLGJW000059,pak plastic guj 
CLFSD000058,Pak Plastic  FSD
CLKHI000172,Pak poly
CLLHR001217,PAK POLY INDUSTRIES PVT LTD
CLGJT000004,Pak Super Poly Gujrat
CLFSD000167,Pak Water Tank  FSB 
CLLHR000547,Pakistan Air Condition
CLLHR001317,Pakistan Coating Association
CLLHR000822,Pakistan Coating Chemicals (Pvt ) Ltd 
CLLHR000866,PAKISTAN FIBER
CLMRP000005,Pakistan Foam
CLLHR000114,PAKISTAN FRUIT JUICE COMPANY (PRIVATE) LIMITED
CLKHI000266,PAKISTAN INDUSTRIAL FILMS PVT LTD
CLKHI000066,Pakistan International Airlines
CLLHR000894,PAKISTAN PENCILS (PVT ) LIMITED
CLKHI000108,PAKISTAN SYNTHETICS LIMITED
CLLHR000115,Pakistan Vinyl Industries (LHR)
CLGJW000004,PAKLITE ELECTRICAL INDUSTRIES (PRIVATE) LIMITED 
CLGJW000016,Pakson International
CLGJW000026,PAKSON INTERNATIONAL PLASTIC INDUSTRIES (PRIVATE) LIMITED
CLLHR000203,Pakwest Industries Pvt Ltd
CLGJW000061,Panaflex  Gujranwala
CLLHR000763,Paper Impex (IID)
CLKHI000120,Paradise Chemicals
CLKHI000178,Paradise Packages
CLKHI000201,PARADISE PLASTIC INDUSTRIES PVT LTD
CLLHR000257,PARAGON CHEMICALS
CLRWP000013,Paragon Plastic Industry
CLLHR000251,PEARL PAINT & CHEMICAL INDUSTRIES
CLLHR000116,Pearl Petro Industry
CLLHR000222,PEARL PETRO INDUSTRY PRIVATE LIMITED
CLLHR000117,PELIKAN INDUSTRIES
CLLHR001208,PENG CHENG PLASTIC
CLHYD000006,Perdeep kumar Sindh
CLLHR001172,Perfect Solution
CLLHR000537,Pet Engineering
CLLHR000443,Pet king
CLHAT000005,Pet Master Hattar
CLLHR000759,Petal Paints
CLLHR001125,Petrise Tech  Lahore 
CLPSW000056,PHARMAPLAST PVT LIMITED
CLLHR000326,PHILCO BABY CYCLE
CLKHI000063,Philips Pakistan
CLLHR001060,Pioneer Paints
CLGDN000034,PIONEER PIPES AND MAT INDUSTRY PVT LTD
CLISD000007,Pioneer Pvt Ltd  Gujranwala 
CLLHR000118,Pipe Plus
CLLHR000951,Pipe Plus - CCT
CLLHR001189,Plas Pack  Lahore  (Unregistered)
CLKHI000308,PLAS PET
CLLHR000811,Plas Pet  Lahore
CLGJT000005,Plasco Pack Pvt Ltd
CLGJT000011,PLASCO PVC PIPE INDUSTRIES (PVT ) LIMITED
CLLHR001149,PLASCOAT SYSTEM
CLLHR000119,PLASPACK
CLLHR000463,Plasti Form
CLLHR000618,Plasti Polymers
CLLHR000395,Plastic Forum
CLLHR000276,Plastic Markaz
CLKHI000196,PLASTIC WORLD LIMITED
CLLHR000120,PLASTICANS (PRIVATE) LIMITED
CLLHR000121,Plasticans Lhr (MB)
CLISD000020,PLASTICELL INDUSTRIES
CLLHR000355,PLASTICELL INDUSTRIES (PRIVATE) LIMITED
CLKHI000278,Plasticon Engineering Services
CLLHR000122,Plasticon Industry  Lhr 
CLLHR001092,Poineer Plastic
CLLHR000123,Poly idea Lhr
CLKHI000142,Poly King Karachi
CLLHR000124,Poly Line (Pvt) Ltd Lahore
CLKHI000311,POLY OZONE PRIVATE LIMITED
CLLHR000125,POLY PACK (PRIVATE) LIMITED
CLISD000008,POLY STAR
CLLHR001219,POLYCON PAKISTAN (PRIVATE) LIMITED
CLKHI000259,POLYCRAFT INDUSTRIES
CLFSD000030,POLYMER CONTAINER (PVT) LIMITED
CLKHI000206,Polymer International Karachi
CLLHR000938,Polymer Marketing
CLMUL000019,POLYPET (PRIVATE) LIMITED
CLLHR001150,Polyplast Custom Moulders
CLPSW000064,Poplon Pakistan Ltd-Customer
CLKHI000182,Popula Plastic Pvt Ltd Karachi 
CLKHI000276,POPULAR ASEPTIC PACKAGING (PVT ) LIMITED
CLLHR000664,Popular Sole
CLLHR001283,POPULAR WATER TANK (PVT ) LIMITED
CLMUL000035,Potato Baby Feeder
CLFSD000064,Power Chemical Industries (Pvt) Ltd
CLFSD000031,Power Injection Molding
CLLHR000566,Power Tech Printing
CLLHR000128,PRECISION MATES
CLLHR000129,PRECISION POLYMERS PVT LIMITED
CLLHR000130,PRECISION SOLUTIONS (PVT ) LIMITED
CLLHR000599,Precision System
CLKHI000024,Premier Coating Resin PVT Ltd  Karachi
CLFSD000187,PREMIER PACKING INDUSTRIES (PRIVATE) LIMITED
CLLHR000523,Prima Industry
CLLHR000217,Prime Brothers  Lahore 
CLLHR000250,PRIME COAT
CLLHR001233,PRIME FIBER
CLMUL000062,Prime Fiber Multan
CLKHI000175,PRIME PACKAGES KARACHI
CLLHR000131,Prime Packages Lahore
CLMUL000009,PRIME PACKAGES 
CLRWP000018,Prime Paints Industry
CLLHR000132,PRIME PET INDUSTRIES (PVT ) LIMITED
CLKHI000260,PRIME PLASTIC PVT LTD
CLKHI000025,Prime Plastic  Karachi
CLLHR000133,PRIME POLY PACK (PRIVATE) LIMITED
CLPSW000023,PRIME POLYTEX (PVT ) LIMITED
CLLHR000610,Prime Solutions International
CLPSW000024,PRIME STAR PETROCHEMICALS INDUSTRIES (PRIVATE) LIMITED
CLLHR001083,Printo Pack Pvt  Limited 
CLLHR000421,Prism Coatings
CLLHR000087,PROCON ENGINEERING (PRIVATE) LIMITED
CLKHI000042,Procter & Gamble Pakistan
CLLHR000672,Professional Paint   Q N Chemicals
CLLHR001109,PROFESSIONAL SEALERS (PRIVATE) LIMITED
CLLHR000134,Progressive Engineering
CLLHR000675,Progressive Paint QN Chemical
CLLHR000399,Progressive Trader
CLLHR001232,PROMA EXPORTS
CLLHR000578,Pronto Promo LHR
CLMUL000065,PS Choice
CLFSD000045,Punjab Plastic
CLLHR000649,Punjab Plastic  Lahore
CLLHR000466,Pure Chem (PCS)
CLRWP000021,Pure Fit Industries  Rawalpindi
CLLHR001318,PURE FOODS COMPANY (PRIVATE)LIMITED
CLLHR001058,Pure Plast Water Tank  Lahore 
CLPSW000025,Pure Poly
CLKHI000289,Q A SERIES ENTERPRISES
CFAFG000004,Qadir Kabul
CLMUL000045,QADIR POLY (PRIVATE) LIMITED
CLFSD000087,Qaiser Paints
CLLHR000563,Qamar Plastic
CLISD000035,Qamar Sons  Islamabad 
CLLHR000545,Qazi Printer LHR
CLLHR001305,Qingdao Hound Pakistan (Pvt) Ltd
CLLHR001152,Quality Paint
CLFSD000032,QUALITY PLAST (PVT ) LIMITED
CLLHR000135,Qureshi Packages
CLKHI000290,R F INDUSTRIES
CLMUL000066,R A Plastic Industry  Multan 
CLFSD000033,R S Poly Fsd 
CLLHR000313,RA Dyes Traders
CLLHR000360,Rabbani Plastics
CLGJT000018,RAFIQ ENGINEERING INDUSTRIES (PRIVATE) LIMITED
CLLHR000820,RAFIQ POLYMER INDUSTRIES
CLPSW000026,Rafi-Ul-Allah Plastic  Peshawar
CLKHI000272,RAFSON ENTERPRISES
CLKHI000195,RAHAN POLY
CLLHR000861,RAHAT INDUSTRIES
CLLHR000136,Rahat Plastic
CLKHI000213,Raheel Trader
CLFSD000034,Raheem Fiber
CLLHR000577,Rainbow Emirates chemical
CLKHI000253,RAINBOW PAINTS INDUSTRIES
CLLHR000137,Rajput Poly Lahore
CLLHR000138,Rajput Printers
CLLHR000569,Ramay Trading Company
CLLHR000317,Rambo Plastic
CLLHR001148,Ramzan plastic Band road
CLGJT000006,Ramzan Poly
CLLHR000800,Ramzan Rubber  Lahore
CLLHR000953,Ramzan Waste Sale Contractor u-I
CLLHR000475,Rana Chemicals
CLLHR001031,RANYAL INDUSTRIES
CLLHR000263,RANYAL SYNTHETIC (PVT ) LIMITED
CLHAT000012,Rashee Pvt LTD
CLLHR000589,Rasheed - Waste Sales
CLLHR000140,Rasheed & Company Lahore 
CLRWP000006,Rasheed Khan
CLLHR000141,RASHEED PACKAGES (PRIVATE) LIMITED
CLLHR000142,Rashid Latif Lahore
CLLHR000996,Rasool khan Afghanistan
CLRWP000037,RATHORE'S EXPERTS PRODUCTION
CLLHR001307,RAVI AUTOS LAHORE (PRIVATE) LIMITED
CLLHR000851,RAVI AUTOS SHEIKHUPURA (PVT ) LIMITED
CLLHR000143,RAVI AUTOS SUNDAR (PRIVATE) LIMITED
CLLHR000144,Ravi Fiber
CLLHR000212,Ravi Plastic
CLKHI000151,RAVI PLASTIC WORKS
CLLHR000984,RBA Masterbatches
CLRWT000008,Ready Pack Industries
CLLHR000442,REDA Industries
CLLHR000145,REHAN CAN (PRIVATE) LIMITED
CLKHI000074,Rehan Traders Aftab Mehtab
CLLHR000146,Rehbar Plus  Lahore
CLFSD000068,Rehbar Water Tank
CLLHR000147,Rehman Packages Lahore
CLMUL000058,Rehmania Pet Bottle
CLLHR000436,Rehmat Paints
CLKSR000001,REHMAT TRADERS
CLKHI000088,REHMPACK (PRIVATE) LIMITED
CLLHR000204,RELAXO (PRIVATE) LIMITED
CLKHI000075,Reliance Paints
CLKHI000094,Reliance Petrochem Karachi
CLLHR000922,Riaz & Sons
CLGDN000021,RIAZ INDUSTRIES
CLLHR000613,Riaz Waste Contractor Unit-I
CLGJW000063,Riaz Water Tank(Gujranwala)
CLFSD000179,Riaz Water Tank  Faisalabad 
CLKHI000118,Riffat International  Karachi
CLLHR000785,RIGHTWAY COATING INDUSTRIES (PRIVATE) LIMITED
CLLHR001163,Rivaj Soft
CLKHI000295,RIZWAN ENTERPRISES
CLLHR001069,Rizwan PET
CLPSW000067,Rizwan plastic prime
CLGJW000110,RK POLYMER (PRIVATE) LIMITED
CLGJW000017,RMA Polymer Gujranwala
CLLHR000846,RMB Industries  Lahore
CLLHR000148,RN Plastic
CLLHR000227,Roman Plastic Works
CFAFG000008,Romans Plastic  Afghanistan
CLLHR001301,ROOF LINE PRIVATE LIMITED
CLLHR000639,Roshan Afghan Fiber
CLLHR001155,ROSHAN DYES
CLLHR000542,ROSHAN PACKAGES LTD
CLLHR000392,Roshan Paint
CLKHI000110,Rototec Private Limited
CLLHR001298,ROYAL FOAM
CLGDN000009,Royal International   Globiz Trading
CLLHR000150,Royal Packaging Lahore
CLFSD000131,Royal Pipe Factory  Faisalabad
CLKHI000153,Royal Pipes  Karachi
CLLHR000228,Royal Plastic Industry
CLLHR000151,ROYAL POLYTEX INDUSTRIES (PRIVATE) LIMITED
CLLHR000205,Royal Sole LMD
CLLHR001096,RPK Pipes
CLGJT000015,RSB Poly Gujranwala
CLGJW000045,Rulex Paints   Lahore Paints
CLLHR000420,Rung Sung Paints
CLFSD000035,Rustam Ali Traders Fsd 
CLLHR000345,Rutux Industry
CLLHR000241,S  ALTAF BROTHERS
CLFSD000018,S A  PRINTER
CLMUL000010,S G Polypropelene Multan
CLKHI000235,S I INDUSTRIES
CLLHR000152,S K D Polyester
CLKHI000083,S M Faisal
CLPSW000028,S S  Polyproplene Peshawar
CLLHR000765,S U  ENTERPRISES
CLSGD000003,Saad Packages
CLLHR001094,Sabir plastic shahdara
CLLHR001093,Sabri chemical band road
CLLHR001066,Sabri Store
CLFSD000129,Sadaqat Textile  Faisalabad
CLFSD000195,Sadat Plalstic Fsd
CLMUL000040,Sadat Plastic Multan
CLLHR000850,Saddam Plastic
CLLHR000472,Saddy Soft
CLPSW000042,Sadiq Aziz
CLKHI000056,Sadiq Footwear
CLLHR000154,Saeed Raco Lahore
CLFSD000190,SAFA ENTERPRISES
CLLHR000580,Safoora Trading
CLKHI000026,Saigal Packages Industry Pvt  Ltd
CLLHR000700,Saira Nawab Packages(PCC)
CLLHR000155,Saira Packages Lahore (N N )
CLLHR000156,Saiyara Shopping Bag
CLLHR001246,SAJID PLASTIC
CLLHR001089,Sajid Waste Customer U-I
CLLHR001126,Sajjad Ahmad waste customer U-I
CLLHR000315,Sajjad Plastic
CLLHR000928,Sakura Trading
CLLHR001185,Salamat Ali waste customer U-I
CLLHR000719,Saleem - Waste Contractor
CLSKT000008,Saleem & Sons Sialkot
CLLHR000565,SALEEM AUTOMOTIVE INDUSTRIES (PRIVATE) LIMITED
CLLHR001072,Saleem Danaywala(mama)
CLLHR000157,Saleem Industry
CLLHR000931,Saleem Jee
CLLHR001205,Saleem Khan Waste Contractor U-2
CLLHR000498,Sama Soft
CLLHR001038,Samar Dyes
CLKHI000285,sami ul haq siddique
CLLHR001253,Samiullah waste customer Unit-I
CLLHR000406,Sana Minerals (Pvt) Ltd
CLKHI000069,Sanaka Plastic
CLSHK000002,SAPPHIRE TEXTILE MILLS LIMITED
CLLHR000271,Sardar Poly
CLLHR000873,Sarfraz Waste Contractor
CLKHI000070,Sarhad Plastic
CLHAT000010,Sarina thermoplastic Pvt LTD
CLFSD000192,Sark International
CLMUL000064,Sarkhail Packages (Pvt) Ltd 
CLSGD000005,Sarmad Paint Sargodha
CLFSD000036,Sartaj Poly
CLMUL000063,SARWAR POLY PACKAGES (PRIVATE) LIMITED
CLLHR001142,Saudia Plastic Band Road
CLSDQ000003,SAWERA TEXTILES (PVT) LIMITED
CLLHR000849,SAYYED ENGINEERS LIMITED
CLLHR001235,SCITECH ENGINEERING (PRIVATE) LIMITED
CLLHR000562,Scope Shoes
CLLHR000960,Scrap Waste Cutomers
CLLHR000159,Senior Shoes
CLMRK000003,Service Global Footwear Limited
CLLHR001199,SERVICE INDUSTRIES LTD
CLGJT000008,Service Pakistan  Gujrat
CLMRK000001,Servis Industries Ltd-Muridkey
CLLHR001153,SETHI PAINT INDSURTY
CLLHR001165,Seven Eleven
CLFSD000203,SF Globally
CLFSD000037,SHABAN PLASTIC
CLLHR001056,Shabbir Plastic Dana Bund Road
CLMUL000060,SHABBIR POLY PACKAGES
CLLHR000860,SHAFFI INDUSTRIES (PVT) LTD
CLLHR001078,SHAFI SONS ENGINEERING (PRIVATE) LIMITED
CLLHR001311,SHAFIQ PAK PACKAGING (PRIVATE) LIMITED
CLLHR001107,Shafiq Plastic Band Road
CLFSD000121,SHAFIQUE POLYSACK (PRIVATE) LIMITED
CLLHR001141,Shafqat Waste Customer U-1
CLMUL000011,Shah Sons
CLKHI000133,SHAHAAN INTERNATIONAL
CLLHR000695,Shaheen Cosmetics
CLLHR000160,Shaheen Fiber
CFKBL000010,Shaheen Fiber Kabul
CLLHR000378,Shaheen Grinding
CLFSD000093,Shaheen Plastic FSD
CLLHR000687,Shaheen Plastic Lahore
CLLHR000161,Shaheen PVC Lahore
CLLHR000288,Shaheen Trader
CLLHR000007,SHAHEEN TRADERS
CLGJW000098,Shah-E-Lasani Gujranwala 
CLSKT000018,Shahid Kamran Plastic  Sialkot 
CLKHI000300,SHAHID KHAN
CLFSD000060,Shahid Pipe
CLLHR001223,SHAHID PLASTIC
CLLHR000525,Shahyar Sole
CLLHR000259,SHAHZAD CORPORATION
CLKHI000117,Shahzad Corporation Khi
CLLHR000306,Shahzad DHA
CLLHR000993,Shahzad Khursheed
CLSDQ000002,Shahzad Paint House
CLLHR000162,Shahzad Plastic Lahore
CLWAR000001,Shahzad Poly Propylene Warbaton 
CLLHR000627,Shahzad Rungwala
CLLHR001286,Shahzad Textile Mills Ltd
CLLHR001004,Shahzad Trader shahalmi
CLGJW000093,Shahzad Trader  Gujranwala 
CLLHR000297,Shahzada Inds
CLKHI000095,Shakeel & Co Karachi
CLLHR000319,SHALIMAR ORGANICS (PVT ) LIMITED
CLLHR000163,Shalimar Pipes
CLLHR000164,Shalimar Plastic
CLLHR000479,Shalimar Plastic (PET)
CLLHR000425,Shama Plastic
CLLHR000684,Shams chemical
CLLHR001237,Shamsheer waste customer U-I
CFCHN000001,Shangdong Down INT 
CFCHN000009,Shanghai Baolijia Chemicals
CLLHR001140,Shanghai Pipe  Lahore 
CLFSD000066,Shareef Plastic  Fsd
CLLHR000495,Sharif & Sons Babar Plastic  Lahore
CLGJW000018,Sharja PPRC
CFKBL000013,SHEEN GHAZY MANUFACTURING COMPANY
CLLHR001045,Shehansha Plastic
CLFSD000178,Shehbaz Plastic  Faisalabad 
CLFSD000102,Shehzad Paint FSD
CLFSD000096,Shehzad Siddique Printer
CLMUL000015,Sheikh Abdul Rauf & Sons
CLLHR000396,Sheikh Ilyas
CLLHR000638,Sheikh Iram Shehzad
CLKHI000045,SHEIKH KHAJOO BHAI & CO 
CLLHR000941,Sheikh Khajoo Bhai  Lahore
CLLHR000165,Sheikh Noor-Ud-din lhr
CLLHR000430,SHEIKH PLASTIC IND 
CLRWP000007,Sheikh Traders
CLFSD000200,SHER KHAN FIBER
CLLHR000254,SHERRY LAKE PAINT
CLKHI000228,SHIELD CORPORATION LIMITED
CLFSD000067,SHINING STARS
CLRWP000008,Shiraz Hassan Chemicals 
CLGDN000010,Shiraz Industries Gadoon 
CLGDN000016,SHIRAZ INTERNATIONAL PLASTIC INDUSTRIES
CLMRP000002,Shiraz Poly Propylene Mirpur
CFKBL000001,Shirkat Sunai Tahir Shafiq  Kabul  Afghanistan
CLKHI000256,SHOAIBEE INDUSTRIES
CLLHR000742,Shohrat Footwear
CLLHR000651,Shoukat Trader
CLLHR000634,Siddique Chemicals
CLLHR000852,Siddique Dyeing
CLKHI000055,Siddique Footwear
CLLHR001284,Siddique plastic Lahore
CLGJW000062,Siddique Trader
CLLHR000413,Sigma International
CLLHR000504,SIGMA REFRIGERATION LIMITED
CFITL000001,Siliconi Commerciale SPA
CLMUL000037,Silko Shine Paints
CLLHR000628,Silver Home Paints
CLGJT000009,SILVER STAR INDUSTRIES
CLLHR000758,Silver Star Paints
CLLHR000279,Sirtaj Shoes
CLFSD000039,SITARA PEROXIDE LIMITED
CLFSD000151,Sitara plastcs
CLFSD000152,Sitara Plastics
CLFSD000133,Sitara Textile  Fsd
CLFSD000127,Sitara Water Tank  Fsd
CLLHR000166,Sittary Plastic  Lhr 
CLISD000038,SIYAN PPRC
CLLHR000582,Siyaray Shopping Bags
CLLHR000652,sk
CLLHR001265,SK BABA PLASTIC
CLLHR000167,SK Plast  Lahore 
CLLHR000795,SK Rubber Industries (CMD)
CLLHR000743,SKC Industry
CLLHR000787,Sky Soft Lahore
CLLHR000168,Sky Sun Packages Lahore 
CLFSD000088,Sky tech FSD
CLLHR001119,Smaa Printers
CLLHR000478,SMART FOOTWEAR
CLLHR001151,SMART ORISON INTERNATIONAL
CLPSW000061,SMB Plastics  Peshawar
CLLHR000149,SOFT WALK SHOES
CLFSD000040,Sohail Barkat Plastic Store(Fsd) 
CLSGD000011,Sohail Paint  Sargodha 
CLLHR000369,Sohail Zubair & Co
CLFSD000041,Solaar Crysto Plast  FSD
CLMUL000012,Solex Agro Industry
CLGJW000019,Solo PPRC Gujranwala
CLGJW000032,Sona Plastic
CLLHR000422,SPARCO ENTERPRISES
CLLHR001201,SPECIAL SHOES
CLLHR000229,SPECTRUM PLASTIC INDUSTRIES SMC PRIVATE LIMITED
CLLHR000002,SPEED PACKAGES (PVT ) LIMITED
CLLHR000233,SPELL PETROCHEMICALS (PVT ) LTD 
CLLHR000287,SRC (PVT) LTD 
CLRWT000005,SS Plastic  Rawat
CLMUL000023,ST International
CLLHR001029,ST International Lahore
CLLHR000514,ST Traders
CLKHI000047,STANDARD COLOURS & CHEMICALS
CLLHR001015,Standard Rubber Works
CLLHR000519,Standard Sole
CLLHR000932,Star Life Sole Centre
CLLHR000169,Star Packaging Lahore
CLLHR000261,STAR PAINT
CLLHR001174,Star Plas  Lahore 
CLGJW000030,Star Plastic Guj
CLKHI000225,STAR TEXTILE MILLS
CLSHK000003,Starlet Shoes
CLRYK000003,STARLINE POLY PACKAGING (PVT) LIMITED
CLLHR000594,Step On
CLJAR000002,Step Plastic Industry
CLLHR000536,Step Up
CLLHR000797,Steri Pack  Lahore
CLGJW000078,STI  Gujranwala
CLSHK000004,Stilvoll Shoes
CLLHR000170,Stone Soft
CLLHR000300,Strong Packages
CLLHR000307,Style Shoes
CLLHR001210,SUBHAN TRADING CO 
CLWAR000003,suffyan plastic
CLKHI000071,Sufyan Enterprises
CLPSW000029,Sultan Plastic Ind  Peshawer
CLKHI000027,SULTAN RANGWALA
CLKHI000123,Sumaya Anam Plastic karachi
CLLHR000211,sundar Minerls chemical
CLFSD000043,SUNDER PLAST PRIVATE LIMITED
CLLHR000456,Sunny Plastic Lahore
CLFSD000188,Sunrise Food Industry  Faisalabad 
CLPSW000030,Sunrise Industry  Peshawar
CLKHI000273,SUNRISE PLASTIC INDUSTRY PVT LTD KARACHI
CLGJW000046,Supar Asia
CLGJW000051,SUPER ASIA POLYMER (PRIVATE) LIMITED
CLLHR000968,Super Badshah Bund Road
CLLHR000619,Super Fancy Water Tank
CLWAR000002,Super Gold Plastic Bund Road
CLKHI000250,SUPER INTERNATIONAL (PRIVATE) LIMITED
CLLHR000404,Super Master
CLQUT000005,Super Master PPRC
CLLHR001082,Super NA Plastic Band road
CLLHR000230,Super Pipe Industry
CLFSD000144,SUPER PLASTIC
CLGDN000033,Super Sawat Fiber
CLLHR001273,SUPER STAR TRADER
CLFSD000013,SUPER STARS PLASTIC
CLRWP000028,SUPREME FOCUS INTERNATIONAL PRODUCTS (PVT ) LIMITED
CLKHI000267,supreme plastic and furniture
CLPSW000027,SUPREME PLASTIC MAT INDUSTRIES (PRIVATE) LIMITED
CLFSD000162,Supreme Plastic  FSB 
CLLHR000518,SVA Ruba Plastic Injection Molding Company (Pvt ) Limited 
CLGJW000027,SW TRADERS
CLLHR000171,Swaira Plastic
CLLHR000231,Swift Paper & Chemical
CLLHR001202,SYMBOL INDUSTRIES (PRIVATE) LIMITED
CLFSD000146,Symrex Paints
CLLHR000387,Synt Chem Co (Pvt) Ltd
CLLHR000172,SYNTHETIC PRODUCTS ENTERPRISES LIMITED
CLGDN000011,SYNTRON LIMITED
CLHAT000006,SYNTRONICS LIMITED
CLLHR000245,T  U  PLASTIC INDUSTRY COMPANY (PRIVATE) LIMITED
CLLHR001261,TABARK PACKAGING (PVT ) LIMITED
CLLHR000902,Taha Injection Moulding
CLLHR000678,Tahir Ashraf Trader
CLLHR000831,Tahir Hidency Pipe Manufacturer
CLFSD000012,TAHIR PLASTIC
CLLHR000173,Tahir Plastic Lahore (Goga Plastic)
CLKHI000296,Taimoor hyderabad
CLSGR000001,TAJ PACKAGES COMPANY (PVT ) LIMITED
CLFSD000196,TAJ PAINTS
CLGJW000039,Takbeer Paint Gujranwala
CLLHR000990,TALAL PLASTIC
CLLHR001196,TALHA PLASTIC LHR
CLFSD000173,Talha Plastic  FSB 
CLLHR000575,Tanveer Packages
CLLHR000174,Tariq International  Lhr 
CLPSW000031,Tariq Packages Peshawer
CLLHR000249,Tariq Plastic
CLFSD000044,Tariq Plastic FSD
CLLHR000770,Tata Shoes
CLLHR001159,Taufeeq waste customer U-I
CLLHR000232,Tauheed Plastic
CLFSD000180,Tayyab Plastic  Faisalabad 
CLKHI000244,TECHNO PLAST
CLLHR001211,TECHNOWELL INDUSTRIES (PRIVATE) LIMITED
CLLHR000508,TEKNORA POLYMER INDUSTRIES (PVT ) LIMITED
CLLHR000781,Terreco Paints
CLLHR000268,TETRA PLAST PIPE INDUSTRIES
CLLHR000408,Tetronics
CLLHR000937,TEWP Pakistan
CLLHR000488,TEXO POLY INDUSTRIES (PVT) LTD
CLGJW000076,THE BAG MAKER
CLLHR001102,The Best Plastic  Lahore 
CLLHR000441,THE FIBER WORLD
CLBWP000002,The Islamic University of Bahawalpur Pakistan
CLLHR000876,THE MASTERPIECE SHOE COMPANY PVT LTD
CLKHI000268,The Real Packages
CLLHR000919,Thermo Plas
CLLHR000363,Thermo Plus Plastic Industry
CLKHI000198,THERMOLINE PVT LTD
CLKHI000191,Thermoplas (Pvt) Ltd  Karachi 
CLLHR001104,THERMOPLAS (PVT) LTD 
CLLHR000175,THERMOSOLE INDUSTRIES (PVT) LIMITED
CLLHR000414,Thor Industry
CLKHI000046,THREADZ POLY PRIVATE LIMITED
CLPSW000050,Top Star Industries
CLLHR000600,TOP STAR POLYMER (PRIVATE) LIMITED
CLMUL000059,Topsun Package
CLLHR001137,Touseef Sabir Shoes
CLGJW000021,Toyo Int Plastic
CLLHR000559,TR Sole
CLKHI000051,Trade Poly
CLLHR000176,TRANSPET PLASTIC INDUSTRY
CLKHI000054,Transword Multi Purpose
CLLHR000995,TREET CORPORATION LIMITED
CLLHR000409,Tricone Brothers
CLHAT000008,Triplet Water tank
CLLHR000809,Tri-Star International
CLFSD000098,TRUE COLORS CO    ARAFAT CHEMICALS
CLLHR000621,True Soft
CLLHR000418,Trulac Paints
CLKHI000258,Tufail Chemical Industries Limited
CLLHR001203,Tufail Waste Contractor U-2
CLLHR000506,Tulip Poly Bag Industries Pvt  Ltd
CLHYD000004,Turkey PPRC Hyd
CLLHR000906,Tycoon Minerals
CLLHR001161,U E PVT LTD
CLKHI000299,U F FIBER INDUSTRIES (PRIVATE) LIMITED
CLLHR001071,U P INDUSTRIES (PRIVATE) LIMITED
CLFSD000052,UA Shoes
CRKOR000001,Ukseung Chem
CLLHR000692,ULTRA PACK PRIVATE LIMITED
CLLHR001112,ULTRALITE
CLRWP000031,Umair Rawalpindi
CLKHI000043,Umar Associates
CLLHR000177,Umar Plastic Lahore 
CLLHR000989,Umer Daraz plastic  (LHR)
CLGDN000012,Umer Hussain Traders
CLGDN000026,Umer Plastic Gadoon
CLISD000009,Umer Plastic Store Isb
CLKHI000114,Umer Trader Aftab mehtab
CLLHR000214,Umer Tuf Water Tank
CLLHR000178,Uneeb Plastic  Lahore
CLLHR001297,Uni Plast (PVT) LTD
CLKHI000038,UNICO PAINT INDUSTRIES (PRIVATE) LIMITED
CLPSW000032,Unicom Rubber   Unicom Synthatic Peshawer
CLMUL000024,unidentified
CLFSD000155,Union Pet
CLLHR000179,UNIPET ( (PRIVATE)) LIMITED
CFQTR000001,Uniplast Co 
CLKHI000179,Uniplast Containers Khi
CLLHR000805,Unipol
CLRWP000011,Unique Plastic (LMD)
CLMRP000003,UNIQUE POLYPROPLENE (PRIVATE) LIMITED
CLLHR000180,United Foam Ind  (pvt) Ltd 
CLLHR000705,United industries lahore
CLLHR000301,United Packages
CLLHR000855,United Pet Plast
CLKHI000219,UNITED PLASTIC INDUSTRIES PVT LTD
CLLHR001173,United Plastic  Lahore 
CLMUL000013,United Poly (Multan)
CLLHR001229,United poly Pack (Private) Limited
CLLHR000181,United PVC Pipe
CLKHI000218,UNITED REFRIGERATION INDUSRIES LIMITED
CLLHR001214,UNITED VINYL INDUSTRIES
CLFSD000189,United Water Tank & Pipes Faisalabad 
CLLHR000722,Unitex Trading Corporation
CLKHI000029,Universal Brushwares Karachi
CLLHR000252,UNIVERSAL INDUSTRIES
CLKHI000257,UNIVERSAL PLASTIC INDUSTRIES
CLLHR000182,Universal Shoes LMD
CLKHI000277,UNIVERSAL TRADERS
CLGDN000013,Universall Poly Gadoon
CLPSW000054,University of Peshawar
CLPSW000070,UNIX FOAM INDUSTRY
OTHER000001,Unknown Customers
OTHER000004,Unknown Customers-2018
CLLHR000183,Unze Trading (pvt) ltd  (Poly Pack)
CLLHR000370,US Corporation
CLKHI000281,US PACKAGES MB KARACHI
CLLHR000486,Usama Traders
CLLHR000819,USMAN & CO
CLLHR000591,Usman & Co   14 Star Paints
CLLHR000411,Usman & Company
CLMUL000014,Usman Fiber
CLPSW000033,Usman Industry
CLOKR000003,Usman Plastic Okara
CLLHR000967,Usman Traders
CLRWP000023,Utility Store
CLLHR000757,Value Paints
CLLHR001168,Varoline Plastics (Pvt) Ltd  Lahore 
CLKHI000309,VENUS PLAST AND ENGINEER INDUSTRIES
CLGJW000043,Venus Plastic
CLGJT000024,VERTEX POLY INDUSTRY
CLPSW000038,VIN CRAFT
CLLHR000653,Vin Kemya
CLLHR000920,Vinylo Build
CLSKT000019,Vision Technologies Corporation Pvt Ltd  Sialkot 
CLLHR000184,Viva Plast
CLLHR001262,VIVID COLOR CHEM 
CLLHR001074,Volta Dies & Moulds
CLLHR001291,WAHEED SHAHZAD PLASTIC WORKS (PRIVATE) LIMITED
CLGJW000022,WAHID INDUSTRIES LIMITED
CLLHR000999,wal
CLLHR000471,Walk Footwear
CLLHR000380,Walker Shoes
CLLHR000185,WAQAR PLASTIC (PRIVATE) LIMITED
CLRWP000009,Waqar Younas Chemical
CLLHR000186,Waqas Iqbal  Lhr 
CLLHR000745,Waqas Plastic Lahore
CLKHI000104,Waqas SB
CLPSW000074,WAQAS TRADING PESHAWER
CLLHR000034,WARESA INDUSTRY (PVT) LTD
CLSGD000010,Waseem Plastic Pipe  Sarghodha 
CLGJW000056,Waseem Traders  Gujranwala
CLLHR000450,Waseem Traders  Lahore
CLLHR000734,Water bureau
CLLHR000737,Water Bureau  CMD
CLMUL000039,Water Ways Plastics Multan
CLGDN000035,WATERTECH PIPES & FITTINGS (PRIVATE) LIMITED
CLLHR001147,Waves Singer Pakistan Limited 
CLLHR000609,Wazera Abad Sole
CLLHR000187,Welcome Plastic  Lahore 
CLLHR000207,Welcome Sole - LMD
CLLHR000429,Western Engineering Lahore
CLLHR001264,WESTERN MARKETING
CLSKT000011,Winner Industries
CLLHR001226,WRAPPER (PRIVATE) LIMITED
CLLHR000590,XARA SOFT (PRIVATE) LIMITED
CLLHR000274,Xara Soft-Karachi
CLLHR000403,Xerite Pvt Ltd
CLLHR000281,Y Shoes
CLISD000027,YAH Industries
CLKHI000080,YAKSR Pvt Ltd
CFCHN000002,Yangzhou Wiekem Chemicals
CLKHI000166,Yaqoob Dyes  Karachi
CLLHR001204,Yasin Khanl Waste Contractor U-2
CLLHR000400,YASIR BROTHERS (PRIVATE) LIMITED
CLKHI000072,Yasir Enterprises
CLSKT000028,YKF BROTHERS
CLRWP000026,Younas Enterprises
CLLHR001244,Younas Waste Customer Unit-I
CLLHR001115,Yousaf Mughal waste Customer U-I
CLLHR001255,YOUSAF PLASTIC KOT ABDUL MALIK
CLLHR000188,Yousaf Plastic  Lahore
CLLHR001118,Yousaf Trader
CLKHI000263,YOUSUF PACKAGES (PVT) LIMITED
CLLHR000691,YUTIAN CHEMICAL
CLLHR000671,YUTIAN CHEMICALS PAKISTAN (PVT) LTD
CLLHR000807,Z A  PLASTIC INDUSTRIES
CLLHR001121,ZA Trader
CLGJW000057,ZAFAR AMIN TEXTLE INDUSTRIES
CLFSD000046,ZAFAR PLASTIC (PRIVATE) LIMITED
CLKHI000141,Zahabiya Chemical Industries (Pvt) Ltd
CLLHR001139,Zaheer Shabbir trader
CLLHR000957,Zaheer Traders
CLLHR000305,Zahid Chemicals
CLLHR000904,Zahid Plastic
CLGDN000014,Zahid Polymer Gadoon
CLGDN000022,ZAHID POLYMERS (PVT) LTD 
CLMUL000067,Zain Industries (Pvt) Ltd  Multan 
CLLHR000189,Zain Internatinal Lahore
CLBWN000001,Zain Water Tank
CLFSD000158,Zam Zam UPVC Pipes
CLGJW000041,Zamaan Shopping bags
CLPSW000072,ZAMOUNG TEXTILE COMPANY
CLKHI000100,ZARA'S PACKAGES
CLLHR000814,Z-Edge Industry  Lahore
CLLHR001090,Zee Kap Pvt Ltd  Lahore 
CLFSD000107,Zeeshan Footwear FSD
CLLHR001207,Zeeshan Plastic
CLGJW000034,Zeeshan Straw Maker
CLLHR000448,Ze-Mex Paints Shahzada Inds
CLLHR000190,Zircon Poly  Lhr 
CLGDN000015,Ziscom Industries Gadoon
CLLHR000693,Zitco Chemical
CLLHR000191,ZM Corporation
CLLHR001057,ZM Trowel
CLLHR000874,Zoya International
CLLHR000892,ZR Engineering Pvt  Limited
CLLHR001220,ZUBAIR ASHRAF
CLLHR000583,Zulfiqar - Waste Sales
