CardCode,CardName
CFAFG000001,Aria Afghan Paint Industry
CFAFG000002,Mustafa Kabul
CFAFG000003,Noor Ali
CFAFG000004,Qadir Kabul
CFAFG000005,Jillani Abaseen
CFAFG000007,Mirwise Khan
CFAFG000008,"Romans Plastic, Afghanistan"
CFAFG000009,Nasri & Company
CFAFG000010,AL-HIKMAT FIBER INDUSTRY
CFBNG000001,ANCHAR PAINT INDUSTRIES PVT LTD.
CFCHN000001,Shangdong Down INT.
CFCHN000002,Yangzhou Wiekem Chemicals
CFCHN000003,"Jinan Yuxing Chemical Co., Ltd"
CFCHN000004,China National Chemical
CFCHN000005,Huzhou Ochem
CFCHN000006,BCG International
CFCHN000007,Datong Coal
CFCHN000008,"CNNC Hua Yuan Shanghai Titanium Dioxide Co.,LTD"
CFCHN000009,Shanghai Baolijia Chemicals
CFCHN000010,Jiangsu shuangle
CFCHN000012,Buseong Polycom - Indent
CFCHN000013,"Dainichiseika Color & Chemicals Mfg, Co., Ltd"
CFIND000001,Mallak Specialities
CFIND000002,Lona Industries Limited
CFITL000001,Siliconi Commerciale SPA
CFKBL000001,"Shirkat Sunai Tahir Shafiq, Kabul, Afghanistan"
CFKBL000002,Hamid Sharfi
CFKBL000003,Nasir Fiber
CFKBL000004,"Humyun Durani, Kabul."
CFKBL000005,Door Mohammad
CFKBL000006,Ali Ijaz Fiber
CFKBL000007,Abasin Jilani Packages Industry
CFKBL000008,Khalil Yousafi
CFKBL000009,Muhammad Khan Peshawar
CFKBL000010,Shaheen Fiber Kabul
CFKBL000011,"Haris Wali Fiber, Afghanistan."
CFKBL000012,M.Latif Sharfi Kabul.
CFKBL000013,SHEEN GHAZY MANUFACTURING COMPANY
CFQTR000001,Uniplast Co.
CFSPN000001,Chemipol
CLBWN000001,Zain Water Tank
CLBWP000001,AM Plastic Bahwalpur
CLBWP000002,The Islamic University of Bahawalpur Pakistan
CLBWP000003,IKRAM AND SONS PLASTIC
CLCHK000001,NR-SANA POLYPROPYLENE INDUSTRY (PRIVATE) LIMITED
CLFSD000001,Abdullah Poly
CLFSD000002,Al-Madina Packages FSD
CLFSD000003,MAQSOOD PLASTIC
CLFSD000004,CHAWALA ENTERPRISES
CLFSD000005,CLOVER PLASTIC INDUSTRIES
CLFSD000006,Dear Water Tank
CLFSD000007,Faisal Madina Plastic
CLFSD000008,FINE INDUSTRIES (PRIVATE) LIMITED
CLFSD000009,G.H. & SONS PLASTIC INDUSTRIES (PRIVATE) LIMITED
CLFSD000010,HR PACKAGES & PRINTERS.
CLFSD000011,I J PLASTIC INDUSTRIES (PVT) LTD
CLFSD000012,TAHIR PLASTIC
CLFSD000013,SUPER STARS PLASTIC
CLFSD000014,ISHAQ POLY PROPYLENE (PRIVATE) LIMITED
CLFSD000015,ITTEFAQ POLY PACKAGES
CLFSD000016,Jamal Fiber
CLFSD000018,S.A. PRINTER
CLFSD000019,Kohistan Poly Packages
CLFSD000020,Malik Plastic Printers
CLFSD000021,Master Pipe Industry Pvt Ltd.
CLFSD000022,Mian Abdull Sattar
CLFSD000023,MIAN IQBAL SONS POLY SACK
CLFSD000024,Mirza Saleem Chughtai Poly
CLFSD000025,MR. FAISAL
CLFSD000026,Mukhtar Poly
CLFSD000027,Murtaza Plastic
CLFSD000028,NASEEM PLASTIC HOUSE
CLFSD000029,AHM PRINTERS
CLFSD000030,POLYMER CONTAINER (PVT) LIMITED
CLFSD000031,Power Injection Molding
CLFSD000032,QUALITY PLAST (PVT.) LIMITED
CLFSD000033,R.S Poly Fsd.
CLFSD000034,Raheem Fiber
CLFSD000035,Rustam Ali Traders Fsd.
CLFSD000036,Sartaj Poly
CLFSD000037,SHABAN PLASTIC
CLFSD000038,Awan Plastic
CLFSD000039,SITARA PEROXIDE LIMITED
CLFSD000040,Sohail Barkat Plastic Store(Fsd).
CLFSD000041,"Solaar Crysto Plast, FSD"
CLFSD000043,SUNDER PLAST PRIVATE LIMITED
CLFSD000045,Punjab Plastic
CLFSD000046,ZAFAR PLASTIC (PRIVATE) LIMITED
CLFSD000047,M.N. SONS
CLFSD000048,MR. SHAKEEL
CLFSD000049,KARSS PAINT
CLFSD000050,FINE ART PRESS
CLFSD000051,FUTURE PACK FILMS
CLFSD000052,UA Shoes
CLFSD000053,Fateh Textiles
CLFSD000054,J.P. PLASTIC INDUSTRIES (PRIVATE) LIMITED
CLFSD000055,JB Packages
CLFSD000056,EXCEL WORLD PVT. LTD
CLFSD000057,KARSS PAINT INDUSTRIES (PVT) LTD
CLFSD000058,"Pak Plastic, FSD"
CLFSD000059,Ali Plastic
CLFSD000060,Shahid Pipe
CLFSD000061,Akhtar Paint
CLFSD000062,ITC Plastic
CLFSD000063,Apple Paints
CLFSD000064,Power Chemical Industries (Pvt) Ltd
CLFSD000065,City Paints
CLFSD000066,"Shareef Plastic, Fsd"
CLFSD000067,SHINING STARS
CLFSD000068,Rehbar Water Tank
CLFSD000069,Galaxy PPRC
CLFSD000070,Al Jannat (CMD)
CLFSD000071,HHH Plastic
CLFSD000072,AT Poly bags
CLFSD000073,Al-Janat Water Tank
CLFSD000074,GMSA Chemical
CLFSD000075,Mushi Closure
CLFSD000076,MM PPRC
CLFSD000077,Adamjee Plastic Industries
CLFSD000078,Aqua MM Industry
CLFSD000080,"Ahmed Poly Bag, Fsd"
CLFSD000083,Karachi Plastic FSD
CLFSD000084,"Al Madina Water Tank, Fsd"
CLFSD000085,Iftikhar ALi Plastic Molding
CLFSD000086,Ansari Plastic FSB
CLFSD000087,Qaiser Paints
CLFSD000088,"Sky tech,FSD"
CLFSD000089,M.A Plastic
CLFSD000090,Imambari Plastic
CLFSD000091,Al-Makkah Water Tank
CLFSD000093,Shaheen Plastic FSD
CLFSD000094,Happiness Industries
CLFSD000095,Ali Hamza Plastic
CLFSD000096,Shehzad Siddique Printer
CLFSD000097,Adil Afzal - Fsd
CLFSD000098,TRUE COLORS CO. / ARAFAT CHEMICALS
CLFSD000099,2 Star Plastic Fsd
CLFSD000100,Faisal Plastic industry FSD
CLFSD000101,Bismillah Textiles Ltd
CLFSD000102,Shehzad Paint FSD
CLFSD000103,Al Shahbaz Plastic Fsd
CLFSD000104,Niagara Mills ltd (Textile)
CLFSD000106,Al-Hamd Trader Faisalabad
CLFSD000107,Zeeshan Footwear FSD
CLFSD000110,GOHAR TEXTILE MILLS (PRIVATE) LIMITED
CLFSD000111,Kay & EMMS
CLFSD000112,Al Barka Fabrics
CLFSD000113,Kamran Textile Mills
CLFSD000114,Adam Jee Plastic ind(karim khan)
CLFSD000115,Al Rehman Trader Fsd
CLFSD000116,"Gourmet Foods, FSD"
CLFSD000117,Faisalabad Plastic
CLFSD000118,"Fassi Karachi Traders, Fsd"
CLFSD000119,"Imran Dyes, Faisalabad"
CLFSD000121,SHAFIQUE POLYSACK (PRIVATE) LIMITED
CLFSD000122,"Kalash Textile, Fsd"
CLFSD000123,AN Packages Fsd
CLFSD000127,"Sitara Water Tank, Fsd"
CLFSD000128,Mian Aslam & Sons. Fsd
CLFSD000129,"Sadaqat Textile, Faisalabad"
CLFSD000130,"Fast Inks & Chemicals, Fsd"
CLFSD000131,"Royal Pipe Factory, Faisalabad"
CLFSD000132,H & F ENTERPRISES
CLFSD000133,"Sitara Textile, Fsd"
CLFSD000134,M.K Sons FSD
CLFSD000136,Dawood Export
CLFSD000137,"Kamal Limited, FSD"
CLFSD000141,"AM Dyeing, Faisalabad"
CLFSD000142,"MS Enterprises, Fsd"
CLFSD000143,Allied Automation Engineers
CLFSD000144,SUPER PLASTIC
CLFSD000146,Symrex Paints
CLFSD000148,Mr. Khurshid  Ahmed
CLFSD000149,Asghar Ali Pipes Factory
CLFSD000150,Al-Hamra Textile
CLFSD000151,Sitara plastcs
CLFSD000152,Sitara Plastics
CLFSD000153,Horizon International
CLFSD000155,Union Pet
CLFSD000158,Zam Zam UPVC Pipes
CLFSD000159,Asia Pipe
CLFSD000160,"Haleem Kaleem Poly, FSB."
CLFSD000161,FANCY PLASTIC INDUSTRY
CLFSD000162,"Supreme Plastic, FSB."
CLFSD000163,"Flexotex Water Tank, FSB."
CLFSD000164,Jatt Plastic
CLFSD000165,Madina Sugar Mills LTD
CLFSD000166,"Haider Poly Packages, FSB."
CLFSD000167,"Pak Water Tank, FSB."
CLFSD000168,"Khawaja Packages, FSB."
CLFSD000169,Khurram Shahzad FSB
CLFSD000171,KARMAN WALA PLASTIC
CLFSD000172,"Habib Plastic, FSB."
CLFSD000173,"Talha Plastic, FSB."
CLFSD000174,Classic Perfume FSD
CLFSD000175,Hussain Dyes Faisalabad.
CLFSD000176,"Daewoo Batteries, FSD."
CLFSD000177,M. N. CHEMICAL INDUSTRIES (PRIVATE) LIMITED
CLFSD000178,"Shehbaz Plastic, Faisalabad."
CLFSD000179,"Riaz Water Tank, Faisalabad."
CLFSD000180,"Tayyab Plastic, Faisalabad."
CLFSD000181,"Master Tuff PPRC Pipes, Faisalabad"
CLFSD000182,"Pak Asia Polymers, Faisalabad."
CLFSD000183,Hoorain Plastic Industry
CLFSD000184,"Makkha Plastic, Faisalabad."
CLFSD000185,A.M Plastic (Mr. Arslan) FSB.
CLFSD000186,3 Star Plas Moulding
CLFSD000187,PREMIER PACKING INDUSTRIES (PRIVATE) LIMITED
CLFSD000188,"Sunrise Food Industry, Faisalabad."
CLFSD000189,United Water Tank & Pipes Faisalabad.
CLFSD000190,SAFA ENTERPRISES
CLFSD000191,MADINA PLASTIC FACTORY
CLFSD000192,Sark International
CLFSD000193,M AFZAL ENTERPRISES
CLFSD000194,ANSAR PLASTIC FACTORY
CLFSD000195,Sadat Plalstic Fsd
CLFSD000196,TAJ PAINTS
CLFSD000198,KARAMAT ALI
CLFSD000199,HAJI PRINTERS
CLFSD000200,SHER KHAN FIBER
CLFSD000201,Burak Pet
CLFSD000202,MAHAR IRRIGATION SYSTEM (PRIVATE) LIMITED
CLFSD000203,SF Globally
CLFSD000204,Mushtaq Sewing Machine Industries.
CLFSD000205,AYYAN SONS FSD
CLFSD000206,AWAN PLASTIC PRIVATE) LIMTED
CLFSD000207,IKRAM PLASTIC FACTORY
CLFSD000208,AHMAD MUBEEN TEXTILES (PRIVATE) LIMITED
CLGDN000001,Agro Pack Pvt Ltd
CLGDN000002,AL-MADEENA MAT INDUSTRIES (PVT) LTD
CLGDN000003,ALPHA PIPE INDUSTRIES (PRIVATE) LIMITED
CLGDN000004,AZMAT KHAN ENTERPRISES
CLGDN000005,Cherat Poly
CLGDN000006,Ibrahim Industry
CLGDN000007,MARGALA PACKAGES & ALLIED INDUSTRIES (PRIVATE) LIMITED
CLGDN000008,Nawaz Gul Rex Polymer
CLGDN000009,Royal International / Globiz Trading
CLGDN000010,Shiraz Industries Gadoon.
CLGDN000011,SYNTRON LIMITED
CLGDN000012,Umer Hussain Traders
CLGDN000013,Universall Poly Gadoon
CLGDN000014,Zahid Polymer Gadoon
CLGDN000015,Ziscom Industries Gadoon
CLGDN000016,SHIRAZ INTERNATIONAL PLASTIC INDUSTRIES
CLGDN000017,AHMAD POLYMER INDUSTRIES PVT LIMITED
CLGDN000018,Crown Pipe
CLGDN000019,MKB Industries
CLGDN000020,KINGRISE PETROCHEMICAL (PVT) LTD
CLGDN000021,RIAZ INDUSTRIES
CLGDN000022,ZAHID POLYMERS (PVT) LTD.
CLGDN000023,Mehran Tayef Plastic Gadoon
CLGDN000026,Umer Plastic Gadoon
CLGDN000028,Fast Fiber Gadoon
CLGDN000029,CHERAT PACKAGING LIMITED
CLGDN000031,AKBAR PACKAGES
CLGDN000032,"Margalla Packages (Calpit), Gadoon."
CLGDN000033,Super Sawat Fiber
CLGDN000034,PIONEER PIPES AND MAT INDUSTRY PVT LTD
CLGDN000035,WATERTECH PIPES & FITTINGS (PRIVATE) LIMITED
CLGJR000001,Asma Enterprises
CLGJT000001,Al-Razi Plastic
CLGJT000002,Decent Plastic
CLGJT000003,Malik Polypropelene Gujrat
CLGJT000004,Pak Super Poly Gujrat
CLGJT000005,Plasco Pack Pvt Ltd
CLGJT000006,Ramzan Poly
CLGJT000008,"Service Pakistan, Gujrat"
CLGJT000009,SILVER STAR INDUSTRIES
CLGJT000010,"Nayyer Industry, Gujrat."
CLGJT000011,PLASCO PVC PIPE INDUSTRIES (PVT.) LIMITED
CLGJT000013,MS Engineering
CLGJT000014,Muhammad Aslam Gujrat (WIL)
CLGJT000015,RSB Poly Gujranwala
CLGJT000018,RAFIQ ENGINEERING INDUSTRIES (PRIVATE) LIMITED
CLGJT000019,GENERAL FAN COMPANY (PRIVATE) LIMITED
CLGJT000020,Asian Paints
CLGJT000021,Gondal Industries Gujrat
CLGJT000022,"Butt Plastic, Gujrat."
CLGJT000023,"M.S.I Fan Ind, Gujrat."
CLGJT000024,VERTEX POLY INDUSTRY
CLGJT000025,KHALID BAG MAKER
CLGJW000001,3 Star Water Tank
CLGJW000002,Abdul Hafeez Dyes & Colors
CLGJW000003,ACC Polymers / API Industries
CLGJW000004,PAKLITE ELECTRICAL INDUSTRIES (PRIVATE) LIMITED.
CLGJW000005,ASLI PUNJAB INDUSTRIES (PRIVATE) LIMITED
CLGJW000006,Asad Tarders
CLGJW000007,BEETA HI TECH INDUSTRIES (PRIVATE) LIMITED
CLGJW000008,Gujranwala Food Industry/SVA Ruba
CLGJW000009,AZEEM INDUSTRIES (PVT.) LIMITED
CLGJW000010,MADNI POLY TEX (PRIVATE) LIMITED
CLGJW000011,Master Plastic Pack (Film)
CLGJW000012,"Master Poly Plastic, Gujranwala"
CLGJW000013,NAUBAHAR BOTTLING COMPANY (PVT) LTD.
CLGJW000014,Pak Plascon Gujranwala
CLGJW000016,Pakson International
CLGJW000017,RMA Polymer Gujranwala
CLGJW000018,Sharja PPRC
CLGJW000019,Solo PPRC Gujranwala
CLGJW000021,Toyo Int Plastic
CLGJW000022,WAHID INDUSTRIES LIMITED
CLGJW000023,AF SONS
CLGJW000024,HB Plastic
CLGJW000025,AB INTERNATIONAL
CLGJW000026,PAKSON INTERNATIONAL PLASTIC INDUSTRIES (PRIVATE) LIMITED
CLGJW000027,SW TRADERS
CLGJW000028,J&J CORPORATION
CLGJW000029,NOMAN CHEMICALS
CLGJW000030,Star Plastic Guj
CLGJW000031,Aqua Water Tank
CLGJW000032,Sona Plastic
CLGJW000033,Ateeq Traders
CLGJW000034,Zeeshan Straw Maker
CLGJW000035,Home Light Paints
CLGJW000036,Mehran PPRC
CLGJW000037,AT Products
CLGJW000038,Cheema Paints
CLGJW000039,Takbeer Paint Gujranwala
CLGJW000040,FBW CORPORATION
CLGJW000041,Zamaan Shopping bags
CLGJW000042,BLESS ENGINEERING COMPANY (PVT.) LTD
CLGJW000043,Venus Plastic
CLGJW000044,Master Fit
CLGJW000045,Rulex Paints / Lahore Paints
CLGJW000046,SUPER ASIA MOHAMMAD DIN SONS (PRIVATE) LIMITED
CLGJW000047,Arshad Corporation
CLGJW000048,Alwan Paints
CLGJW000049,Minhas Pvc Pipe
CLGJW000050,Amjad Traders
CLGJW000051,SUPER ASIA POLYMER (PRIVATE) LIMITED
CLGJW000052,Crystal Paint
CLGJW000053,Amaar Hi Tech Guj
CLGJW000054,JR Plastic
CLGJW000055,Care PPRC
CLGJW000056,"Waseem Traders, Gujranwala"
CLGJW000057,ZAFAR AMIN TEXTLE INDUSTRIES
CLGJW000058,Mr.Zubair / Haroon Traders
CLGJW000059,pak plastic guj.
CLGJW000060,Leader Plastic Guj
CLGJW000061,"Panaflex, Gujranwala"
CLGJW000062,Siddique Trader
CLGJW000063,Riaz Water Tank(Gujranwala)
CLGJW000064,Boss chemical industries
CLGJW000065,A-One PPRC
CLGJW000066,Atlas Plastic Gujranwala
CLGJW000067,DAR PLASTIC INDUSTRIES
CLGJW000069,"Abdul Rehman Traders, Gujranwala"
CLGJW000070,HASHIM KHUDADAAD HAMID (SMC-PRIVATE) LIMITED
CLGJW000071,Minhaj PPRC Pipe & Fittings
CLGJW000072,Jakko PPRC Gujranwala.
CLGJW000073,"3 Star PPRC, Gujranwala"
CLGJW000074,Citizen International Plastic Industry
CLGJW000075,Master Ballpoint Pen Industries (PVT) Ltd
CLGJW000076,THE BAG MAKER
CLGJW000077,Duramine Industries
CLGJW000078,"STI, Gujranwala"
CLGJW000079,Color Math
CLGJW000080,Faisal Hameed
CLGJW000081,Blue Dyes
CLGJW000082,GJ INDUSTRIES (PVT.) LIMITED
CLGJW000083,Chattan PPRC
CLGJW000084,Aqua Plastic
CLGJW000085,Fine PPRC
CLGJW000086,GOLDEN POLY TECH (PRIVATE) LIMITED
CLGJW000087,Mehboob PPRC
CLGJW000088,AY Plastic Gujranwala
CLGJW000089,GUJRANWALA FOOD INDUSTRIES (PVT) LTD
CLGJW000091,Al Noor Trader - Gujranwala
CLGJW000092,"Friends Enterprises, Gujranwala."
CLGJW000093,"Shahzad Trader, Gujranwala."
CLGJW000094,Khurram Pet Gujranwala
CLGJW000095,"Classic Color, Gujranwala."
CLGJW000096,"AMS Plastic, Kamoke."
CLGJW000097,Fahad PVc pipe
CLGJW000098,Shah-E-Lasani Gujranwala.
CLGJW000099,Master Plastic Moulding Gujranwala.
CLGJW000101,CAPITAL PAINT
CLGJW000102,AHMAD CHEMICALS & PLASTIC COLORS
CLGJW000103,COMMANDER SANITARY WARE
CLGJW000104,Millat Plastic Store
CLGJW000105,COLOR MASTER
CLGJW000106,Etihad Plastic Industry
CLGJW000107,Karam Plastic Colors&Chemical
CLGJW000108,AL-KARAM SOFT CARE
CLGJW000109,AIM ENTERPRISES
CLGJW000110,RK POLYMER (PRIVATE) LIMITED
CLGJW000111,Hafiz Plastic Factory
CLGJW000112,GROW PLASTIC
CLGJW000113,TGI ENGINEERING COMPANY
CLGJW000114,S.T. HI TECH ENGINEERING COMPANY (PRIVATE) LIMITED
CLHAT000001,APEX POLYMERS (PRIVATE) LIMITED C/O HASSAN
CLHAT000002,Friends Polymer (Pvt) Ltd.
CLHAT000003,M.S Poly Packages
CLHAT000004,Master Karachi Tuff
CLHAT000005,Pet Master Hattar
CLHAT000006,SYNTRONICS LIMITED
CLHAT000008,Triplet Water tank
CLHAT000009,Mr Yasir
CLHAT000010,SARINA THERMOPLASTICS (PRIVATE) LIMITED
CLHAT000011,ECOPACK LIMITED
CLHAT000012,Rashee Pvt LTD
CLHAT000013,APEX POLYMERS (PRIVATE) LIMITED.
CLHAT000014,FB TEXTILE (PRIVATE) LIMITED
CLHYD000001,National Packages
CLHYD000002,Omni Poly Propylene
CLHYD000003,Apex Paints
CLHYD000004,Turkey PPRC Hyd
CLHYD000005,Nasir Meera Chappal
CLHYD000006,Perdeep kumar Sindh
CLISD000001,A.M Sons
CLISD000002,AKBAR AND ZIKRIA PIPES (PRIVATE) LIMITED
CLISD000003,High Precision Engineering/Multi Tech
CLISD000004,Margalla Trading Co
CLISD000005,MARK INDUSTRIES
CLISD000006,New Tech
CLISD000007,"Pioneer Pvt Ltd, Gujranwala."
CLISD000008,POLY STAR
CLISD000009,Umer Plastic Store Isb
CLISD000010,FEDERAL PAINT INDUSTRIES
CLISD000011,KARACHI PRINTING SERVICES
CLISD000012,Afnan Plastic (Mansehra)
CLISD000013,Andrew Paint
CLISD000014,Elite Packages Islamabad
CLISD000015,GD Shoes
CLISD000016,Flower Shoes
CLISD000017,NOBLE ENTERPRISES
CLISD000018,ATH
CLISD000019,Bolton Paints
CLISD000020,PLASTICELL INDUSTRIES
CLISD000021,Mughal Plastic Islamabad
CLISD000023,AAA INTERNATIONAL INDUSTRIES
CLISD000025,"Ittefaq Plastic, Islamabad"
CLISD000027,YAH Industries
CLISD000029,DEEN INDUSTRY
CLISD000032,Abdul Hameed waste customer U-I
CLISD000033,HIKMAT PUMP IMPORT AND EXPORT INDUSTRY (PRIVATE) LIMITED
CLISD000034,Noble Enterprises DPM
CLISD000035,"Qamar Sons, Islamabad."
CLISD000036,Ecoflex Plast PVT Limited
CLISD000037,ANDREW PAINTS
CLISD000038,SIYAN PPRC
CLISD000039,Nova Synpac (pvt) Ltd.
CLISD000040,MUZZAFAR & BROTHERS
CLISD000041,Pak Agro Packaging Pvt Ltd
CLISD000042,DESPRO IMPEX (SMC-PRIVATE) LIMITED
CLJAR000001,Fresh Poly
CLJAR000002,Step Plastic Industry
CLKHI000001,AAR Trader/Aftab Mehtab
CLKHI000002,Abdul Rauf
CLKHI000003,Abdullah Mehtabuddin
CLKHI000005,Blue Crystal Plastic
CLKHI000006,Continental Plastic KHI
CLKHI000007,Faiz Enterprises
CLKHI000008,FEROZ PLASTIC
CLKHI000009,Fine Star Plastic
CLKHI000010,HMK international
CLKHI000011,IB Plastic
CLKHI000012,Japan Packages
CLKHI000013,Karim Container
CLKHI000014,Khawaja Ali
CLKHI000015,KOMPASS PAKISTAN (PRIVATE) LIMITED
CLKHI000016,LAKHANI POLYBAG INDUSTRY
CLKHI000017,MASTER ENTERPRISES (PVT) LTD
CLKHI000019,METATEX (PRIVATE) LIMITED
CLKHI000020,MIAN NAZIR SONS INDUSTRIES (PRIVATE) LIMITED
CLKHI000021,MILLENNIUM INDUSTRIES (PRIVATE) LIMITED
CLKHI000022,NATIONAL PRECISION PLASTIC PRODUCTS
CLKHI000024,Premier Coating Resin PVT Ltd. Karachi
CLKHI000025,"Prime Plastic, Karachi"
CLKHI000026,Saigal Packages Industry Pvt. Ltd
CLKHI000027,SULTAN RANGWALA
CLKHI000029,Universal Brushwares Karachi
CLKHI000030,INTERNATIONAL CAPS COMPANY
CLKHI000031,"EASTLAND CORPORATION, KARACHI"
CLKHI000032,MEHTABUDDIN
CLKHI000033,MAQSOOD AHMED TRADERS
CLKHI000034,CLARIANT PAKISTAN LIMITED
CLKHI000036,GARIBSONS (PRIVATE) LIMITED
CLKHI000037,PAK PLASTI PACK INDUSTRIES PVT LIMITED
CLKHI000038,UNICO PAINT INDUSTRIES (PRIVATE) LIMITED
CLKHI000039,Butt Printing Ink
CLKHI000040,AL KARAM PACKAGES (PVT) LTD
CLKHI000041,Dilshad Plastic
CLKHI000042,Procter & Gamble Pakistan
CLKHI000043,Umar Associates
CLKHI000044,Allied Impex
CLKHI000045,SHEIKH KHAJOO BHAI & CO.
CLKHI000046,THREADZ POLY PRIVATE LIMITED
CLKHI000047,STANDARD COLOURS & CHEMICALS
CLKHI000048,Deluxe Ink
CLKHI000049,Middle East Footwear
CLKHI000050,AXE Shoes
CLKHI000051,Trade Poly
CLKHI000053,MUNDIA EXPORTS
CLKHI000054,TRANSWORLD MULTIPURPOSE INDUSTRIES (PRIVATE) LTD
CLKHI000055,Siddique Footwear
CLKHI000056,Sadiq Footwear
CLKHI000057,HA Traders
CLKHI000058,FM Shoes
CLKHI000059,Kay Shoes
CLKHI000060,Guide's Corporation
CLKHI000061,Dewan Sugar Mills
CLKHI000062,Fenchem Bio Tech Limited
CLKHI000063,Philips Pakistan
CLKHI000064,Neelum Industry
CLKHI000066,Pakistan International Airlines
CLKHI000067,Hani Son's Textile
CLKHI000068,Alka Pvt Ltd
CLKHI000069,SANAKA PLASTIC AND SCIENTIFIC
CLKHI000070,Sarhad Plastic
CLKHI000071,Sufyan Enterprises
CLKHI000072,Yasir Enterprises
CLKHI000073,Dye Chem Enterprises
CLKHI000074,Rehan Traders/Aftab Mehtab
CLKHI000075,Reliance Paints
CLKHI000076,Mehmood Brothers
CLKHI000077,M.Mezher
CLKHI000078,Mazhar Sb
CLKHI000079,Fakkhar Group of Companies
CLKHI000080,YAKSR Pvt Ltd
CLKHI000082,Fazal & Sons Pvt. Limited
CLKHI000083,S.M Faisal
CLKHI000084,Bapco Poly Packages (Pvt) Ltd
CLKHI000085,Mustafa Traders
CLKHI000086,HN Enterprises
CLKHI000087,Fakhar Paints
CLKHI000088,REHMPACK (PRIVATE) LIMITED
CLKHI000089,Harris Plastic
CLKHI000090,AR Plastic
CLKHI000091,BIN QASIM PACKAGES (PRIVATE) LIMITED
CLKHI000093,Mughal Brothers
CLKHI000094,Reliance Petrochem Karachi
CLKHI000095,Shakeel & Co Karachi
CLKHI000099,CBM Plastic Pvt Ltd
CLKHI000100,ZARA'S PACKAGES
CLKHI000101,Blain Packing
CLKHI000103,K.S Enterprises
CLKHI000104,Waqas SB
CLKHI000105,ISIS PHARMACEUTICAL & CHEMICAL WORKS
CLKHI000106,Alpha Packages KHI
CLKHI000107,Muzamil Javaid
CLKHI000108,PAKISTAN SYNTHETICS LIMITED
CLKHI000110,Rototec Private Limited
CLKHI000111,KANSAI PAINTS (PVT) LIMITED
CLKHI000112,Colgate-Palmolive (Pakistan) Ltd
CLKHI000114,Umer Trader/Aftab mehtab
CLKHI000115,Atherton And Imrooz
CLKHI000117,Shahzad Corporation Khi
CLKHI000118,"Riffat International, Karachi"
CLKHI000119,Mughlia Enterprises
CLKHI000120,Paradise Chemicals
CLKHI000121,ORIENT TRADERS
CLKHI000123,Sumaya/Anam Plastic karachi
CLKHI000124,KK Plastic Karachi
CLKHI000125,Man Enterprises
CLKHI000126,MODERN PLASTICS
CLKHI000127,Mayani Poly karachi
CLKHI000128,Mehran plastic industries Khi
CLKHI000129,Cherry Plastic Industries
CLKHI000130,"Burham Enterprises, Karachi"
CLKHI000131,Mehran Hair Brush Mfg
CLKHI000133,SHAHAAN INTERNATIONAL
CLKHI000135,English Biscuits Limited
CLKHI000136,"GUM Corporation, Karachi"
CLKHI000137,"Al-Momin Packages, Karachi"
CLKHI000138,Abeer Enterprises
CLKHI000139,"Brookes Pharma, Karachi"
CLKHI000140,AL-HILAL PACKAGING (PVT) LTD
CLKHI000141,Zahabiya Chemical Industries (Pvt) Ltd
CLKHI000142,Poly King Karachi
CLKHI000143,"Korona Films Pvt. Limited, Karachi"
CLKHI000145,HUB POLY PACKAGES PVT LTD
CLKHI000147,"Hi Make Industries, Karachi"
CLKHI000148,KOLACHEE INTERNATIONAL
CLKHI000151,RAVI PLASTIC WORKS
CLKHI000152,MAINETTI PAKISTAN (PRIVATE) LIMITED
CLKHI000153,"Royal Pipes, Karachi"
CLKHI000154,NEW ERA INDUSTRIES (SMC-PVT) LTD.
CLKHI000155,ENGRO FERTILIZERS
CLKHI000158,Abdul Rab Enterprises
CLKHI000159,3B Packaging Pvt. Limited
CLKHI000160,PAK PET (PRIVATE) LIMITED
CLKHI000162,Al-Huda Plastic
CLKHI000164,Imran Crown Cork
CLKHI000166,"Yaqoob Dyes, Karachi"
CLKHI000167,MASTER ENGINEERING
CLKHI000168,Packon Manufacturing
CLKHI000171,Alfapen Pakistan
CLKHI000172,Pak poly
CLKHI000173,Asian Source Pakistan Pvt Ltd
CLKHI000174,Moonlite Industries
CLKHI000175,PRIME PACKAGES KARACHI
CLKHI000177,JILLANI FLEXIBLE PACKAGES (PRIVATE) LIMITED
CLKHI000178,Paradise Packages
CLKHI000179,Uniplast Containers Khi
CLKHI000180,AQUAFIN
CLKHI000181,International Industries Karachi Limited.
CLKHI000182,Popula Plastic Pvt Ltd Karachi.
CLKHI000183,Master Plastic Karachi
CLKHI000184,COMBINE PACKAGES (PVT.) LIMITED
CLKHI000185,"Maryam Trader,  Karachi."
CLKHI000186,ORIENT PLASTCARE PAKISTAN
CLKHI000187,Barkat International Karachi.
CLKHI000188,dadex Eternit Ltd
CLKHI000189,Color Impex karachi
CLKHI000190,Kansai Paint (IID)
CLKHI000191,"Thermoplas (Pvt) Ltd, Karachi."
CLKHI000192,Irfan Traders
CLKHI000193,AYYAN TUFF
CLKHI000194,A.A ENTERPRISE
CLKHI000195,RAHAN POLY
CLKHI000196,PLASTIC WORLD LIMITED
CLKHI000197,DAWLANCE (PRIVATE) LIMITED
CLKHI000198,THERMOLINE PVT LTD
CLKHI000199,BIN QASIM PACKAGES (PVT) LTD
CLKHI000200,M.S POLYMER
CLKHI000201,PARADISE PLASTIC INDUSTRIES PVT LTD
CLKHI000204,Mundia PE
CLKHI000205,J.M SONS PVT LTD
CLKHI000206,Polymer International Karachi
CLKHI000207,ALPHA PACKAGING
CLKHI000208,M.ZAHID SHOE SOLE MFG
CLKHI000209,Osaka Paints
CLKHI000210,BLOW PLAST (PRIVATE) LIMITED
CLKHI000211,CHEMPACK(PVT)LTD
CLKHI000212,B.H Industries
CLKHI000213,Raheel Trader
CLKHI000214,KOLACHEE INTERNATIONAL (PRIVATE) LIMITED
CLKHI000215,INNOVA PACKAGING (PVT.) LIMITED
CLKHI000216,MAXX
CLKHI000217,HUB STAR FOAM PVT LTD
CLKHI000218,UNITED REFRIGERATION INDUSRIES LIMITED
CLKHI000219,UNITED PLASTIC INDUSTRIES PVT LTD
CLKHI000220,HYGIENE CONTAINERS (PRIVATE) LIMITED
CLKHI000221,HI-TECH INKS
CLKHI000223,HINAH IMPEX
CLKHI000224,NEW RAVI PLASTIC
CLKHI000225,STAR TEXTILE MILLS
CLKHI000226,EUROGULF
CLKHI000227,JAI PLASTIC INDUSTRY
CLKHI000228,SHIELD CORPORATION LIMITED
CLKHI000229,FAZAL AND SONS PACKAGES
CLKHI000230,horizon sourcing
CLKHI000231,PAK INDUSTRIES
CLKHI000232,ADIL POLYMER KARACHI
CLKHI000233,GULF CHEMICAL PVT LTD
CLKHI000234,NAZIM PLASTIC INDUSTRIES
CLKHI000235,S.I INDUSTRIES
CLKHI000236,HAFEEZ SONS ENTERPRISES
CLKHI000237,MEGA PREFORM HYDERABAD
CLKHI000238,FULL BRITE PLASTIC INDUSTRIES
CLKHI000239,OIL INDUSTRIES PAKISTAN (PRIVATE) LIMITED
CLKHI000241,ATM INDUSTRIES PRIVATE LIMITED
CLKHI000242,CRYSTAL POLYPROPYLENE INDUSTRIES (PVT) LIMITED
CLKHI000243,NAJAM ASSOCIATES
CLKHI000244,TECHNO PLAST
CLKHI000245,Dollar Industries Pvt. Ltd
CLKHI000246,MAYANI POLY PACKAGES PVT. LIMITED
CLKHI000247,EVERSHINE INDUSTRIES PVT LTD
CLKHI000248,IQBAL TRADER PVT LIMITED
CLKHI000249,MILLAT INDUSTRIES PVT LTD
CLKHI000250,SUPER INTERNATIONAL (PRIVATE) LIMITED
CLKHI000251,KARIM CONTAINERS (PRIVATE) LIMITED
CLKHI000252,ABS PRODUCTS PVT LIMITED
CLKHI000253,RAINBOW PAINTS INDUSTRIES
CLKHI000254,MEDIPLAS INNOVATIONS (PRIVATE) LIMITED
CLKHI000255,ARIF TRADER KHI
CLKHI000256,SHOAIBEE INDUSTRIES
CLKHI000257,UNIVERSAL PLASTIC INDUSTRIES
CLKHI000258,Tufail Chemical Industries Limited
CLKHI000259,POLYCRAFT INDUSTRIES
CLKHI000260,PRIME PLASTIC PVT LTD
CLKHI000261,EVER GREEN PLASTIC AND TOYS
CLKHI000262,AL HAMD PLASTIC WORKS
CLKHI000263,YOUSUF PACKAGES (PVT) LIMITED
CLKHI000264,hPack
CLKHI000265,NPI HYDERABAD
CLKHI000266,PAKISTAN INDUSTRIAL FILMS PVT LTD
CLKHI000267,supreme plastic and furniture
CLKHI000268,The Real Packages
CLKHI000269,AUSAF INDUSTRIES (PVT.) LIMITED
CLKHI000270,JILANI INDUSTRIAL CORPORATION (PRIVATE) LIMITED
CLKHI000272,RAFSON ENTERPRISES
CLKHI000273,SUNRISE PLASTIC INDUSTRY PVT LTD KARACHI
CLKHI000274,AL SHAIKH (PVT.) LTD.
CLKHI000275,Master Water Tank KHI
CLKHI000276,POPULAR ASEPTIC PACKAGING (PVT.) LIMITED
CLKHI000277,UNIVERSAL TRADERS
CLKHI000278,Plasticon Engineering Services
CLKHI000279,AMIR POLYBAGS FACTORY
CLKHI000280,Mustafa Traders KHI
CLKHI000281,US PACKAGES MB KARACHI
CLKHI000282,B.S INDUSTRIES
CLKHI000283,MAA PLASTIC-HUB
CLKHI000284,Abdul Razzaq
CLKHI000285,sami ul haq siddique
CLKHI000286,Idrees Ahmed
CLKHI000287,LAKHANI GLASS (PVT) LTD
CLKHI000288,CENTURY ENGINEERING INDUSTRIES (PVT) LTD
CLKHI000289,Q.A SERIES ENTERPRISES
CLKHI000290,R F INDUSTRIES
CLKHI000291,AL MARJAN
CLKHI000292,MAQSON SYNTHETICS
CLKHI000293,ALUCAN (PVT) LTD
CLKHI000294,CARE CHEMICALS
CLKHI000295,RIZWAN ENTERPRISES
CLKHI000296,Taimoor hyderabad
CLKHI000297,M.AHSAN KHAN
CLKHI000298,majestic watercool khi
CLKHI000299,U.F FIBER INDUSTRIES (PRIVATE) LIMITED
CLKHI000300,SHAHID KHAN
CLKHI000301,ANAUMA
CLKHI000302,AFEEF PACKAGES
CLKHI000303,Danluq Petro Industries
CLKHI000304,New Vision Poly
CLKHI000305,ABID &CO PET
CLKHI000306,NOVALON POLYMERS SMC-PVT LTD
CLKHI000307,Khalid Industry
CLKHI000308,PLAS PET
CLKHI000309,VENUS PLAST AND ENGINEER INDUSTRIES
CLKHI000310,FEROZ/BIN QASIM PACKAGES
CLKHI000311,POLY OZONE PRIVATE LIMITED
CLKHI000312,AL BARAKAT PLASTICS (PRIVATE) LIMITED
CLKHI000313,MEHBOOB PLASTIC
CLKHI000314,FINE STAR INDUSTRIES (PRIVATE) LIMITED
CLKHI000315,LOVING LEATHER
CLKHI000316,CBM PLASTICS (PRIVATE) LIMITED
CLKHI000317,YOUSUF SONS
CLKHI000318,PRINTECH PACKAGES (PRIVATE) LIMITED
CLKHI000319,ROYAL PACKAGES (PRIVATE) LIMITED
CLKSR000001,REHMAT TRADERS
CLKSR000002,ABBAS TANNERIES
CLKSR000004,INDUS PAINT
CLKSR000005,VIETNAM SHOES
CLLHR000001,A.H.Y PLASTIC INDUSTRY (PVT.) LIMITED
CLLHR000002,SPEED PACKAGES (PVT.) LIMITED
CLLHR000003,AAA Traders/Zircon Poly
CLLHR000004,Abdul Qadir & Co
CLLHR000005,Abid Plastic
CLLHR000006,Adeel Plastic
CLLHR000007,SHAHEEN TRADERS
CLLHR000008,AHN SYNTHETIC (PVT)LIMITED
CLLHR000009,Al Firdosi / SVA Ruba
CLLHR000011,Aliance Industry
CLLHR000012,Al-Jeeran Engineers
CLLHR000013,Al-Quraish Plastic
CLLHR000014,AMAFHH PACKAGING INDUSTRIES
CLLHR000015,Amir Traders
CLLHR000016,Anjum Chemicals Industry
CLLHR000017,Anmol Plastic
CLLHR000018,AR Printer
CLLHR000019,ARCO PLASTICS (PRIVATE) LIMITED
CLLHR000020,ARFEEN INDUSTRIES (PVT) LTD
CLLHR000021,Asim Plastic
CLLHR000022,AYCANS
CLLHR000023,Baba Plastic
CLLHR000024,Balochistan Glass ltd.
CLLHR000025,BATA PAKISTAN LIMITED
CLLHR000026,BBJ PIPE INDUSTRIES (PRIVATE) LIMITED
CLLHR000027,BURAQ POLYFABRICS (PVT) LTD
CLLHR000028,Cannon Foam (pvt) ltd.
CLLHR000029,Capit
CLLHR000030,CARVAN PLASTIC INDUSTRY (PRIVATE) LIMITED
CLLHR000031,City Poly Pack
CLLHR000032,Continental Plastic Industries (Pvt.) Ltd
CLLHR000033,Converters (Pvt) Ltd
CLLHR000034,WARESA INDUSTRY (PVT) LTD
CLLHR000036,DESCON OXYCHEM LIMITED
CLLHR000037,M.A POLYMERS
CLLHR000038,Ejaz Enterprises
CLLHR000039,ENGI Plastic Industries (Pvt) Ltd
CLLHR000040,Epcot LMD
CLLHR000041,EXPRESS PAC (PVT.) LIMITED
CLLHR000042,EXON ENTERPRISES
CLLHR000043,FINE FIBRES
CLLHR000044,Fine Plastic Industries (Imran . Sb)
CLLHR000045,Gaba Chemical
CLLHR000046,Garter Ind
CLLHR000047,GRACE IMPEX (SMC-PVT) LIMITED.
CLLHR000048,Green Plastic
CLLHR000049,Guddu Toys
CLLHR000050,GULF FIBER COMPANY PRIVATE LIMITED
CLLHR000051,Gulshan poly LHR / Mr. Shakeel
CLLHR000052,Hafiz Iqbal Brothers
CLLHR000053,HNR COMPANY (PVT) LIMITED
CLLHR000054,Awais Plastic/Haji Younas Plastic
CLLHR000055,Haris Silicion
CLLHR000056,HASSAN LEATHER INDUSTRIES
CLLHR000057,HIRA PLASTIC WORKS (PVT) LTD
CLLHR000058,Imran Plastic LHR
CLLHR000059,Imtyaz Plastic Work
CLLHR000060,Intelligent Metering Systems (Private) Limited
CLLHR000061,Iqbal Plastic
CLLHR000062,Ittefaq Plastic Lhr
CLLHR000063,Jasmine Poly Bag
CLLHR000064,Jet Plas
CLLHR000065,JAVAID INTERNATIONAL (PRIVATE) LIMITED
CLLHR000066,JILANI POLY INDUSTRIES (PRIVATE) LIMITED
CLLHR000067,Junaid Plastic House
CLLHR000068,JW Industry
CLLHR000069,K Shoes LMD (Sundar)
CLLHR000070,BNU INDUSTRIES (PVT.) LIMITED
CLLHR000071,K. S. F TRI-ZONE INDUSTRIES (PVT.) LIMITED
CLLHR000072,Kelidex
CLLHR000073,KHALIS FIBRE (PRIVATE) LIMITED
CLLHR000074,Khawaja Electronics
CLLHR000075,Khawar Plastic
CLLHR000076,LAHORE POLYPROPYLENE INDUSTRIES (PVT) LIMITED
CLLHR000077,LASANI FIBER INDUSTRIES (SMC-PVT.) LTD.
CLLHR000078,Life Style
CLLHR000079,LUCKY PLASTIC INDUSTRIES (PRIVATE) LIMITED
CLLHR000080,LUCKY PACKAGING INDUSTRIES (PVT) LTD
CLLHR000081,M. Arshad
CLLHR000082,MADINA POLY PACKAGES
CLLHR000083,Maestro Plas
CLLHR000084,Malik Babar Plastic / Rauf Shoping Bags
CLLHR000085,Malik Nadeem Plastic
CLLHR000086,Mapco Poly Bag
CLLHR000087,PROCON ENGINEERING (PRIVATE) LIMITED
CLLHR000088,MALIK & COMPANY
CLLHR000089,ALIF INDUSTRY (SMC-PVT.) LIMITED
CLLHR000090,MIAN BROTHERS POLYPROPYLENE INDUSTRY (PVT.) LTD
CLLHR000091,MK Plas
CLLHR000092,Moon Star Plastic
CLLHR000093,Mumtaz Plastic
CLLHR000094,Munir dry color M.B
CLLHR000095,Musa Poly Pack
CLLHR000096,NAEEM NADEEM PLASTIC (PRIVATE) LIMITED
CLLHR000097,Naeem Plastic Lahore.
CLLHR000098,Nafees Polypropelene Lahore
CLLHR000099,Nasir Ahmad
CLLHR000100,NAYYER CARPET (PRIVATE) LIMITED
CLLHR000101,Nazir Plastic Lhr
CLLHR000102,"Nazir Traders, Lahore."
CLLHR000103,"ND Packages, Jaranwala Road (CMD)"
CLLHR000104,NEWAGE PLASTICS (PRIVATE) LIMITED
CLLHR000105,New Malik Polypropelene Lahore
CLLHR000106,NK Plas
CLLHR000107,"Ocean Plastic Industry, Lahore"
CLLHR000108,Ocean Plastic/SVA Ruba
CLLHR000109,OASIS PACKAGING INDUSTRIES (PVT) LTD.
CLLHR000110,OVAL PLASTIC (PVT) LTD
CLLHR000111,Packages Limited
CLLHR000112,Packers Pakistan Lhr.
CLLHR000113,Pak Noorani Plastic
CLLHR000114,PAKISTAN FRUIT JUICE COMPANY (PRIVATE) LIMITED
CLLHR000115,Pakistan Vinyl Industries (LHR)
CLLHR000116,Pearl Petro Industry
CLLHR000117,PELIKAN INDUSTRIES
CLLHR000118,Pipe Plus
CLLHR000119,PLASPACK
CLLHR000120,PLASTICANS (PRIVATE) LIMITED
CLLHR000121,Plasticans Lhr (MB)
CLLHR000122,"Plasticon Industry, Lhr."
CLLHR000123,Poly idea Lhr
CLLHR000124,Poly Line (Pvt) Ltd Lahore
CLLHR000125,POLY PACK (PRIVATE) LIMITED
CLLHR000127,AL-RABI INTERNATIONAL (PVT.) LIMITED
CLLHR000128,PRECISION MATES
CLLHR000129,PRECISION POLYMERS PVT LIMITED
CLLHR000130,PRECISION SOLUTIONS (PVT.) LIMITED
CLLHR000131,Prime Packages Lahore
CLLHR000132,PRIME PET INDUSTRIES (PVT.) LIMITED
CLLHR000133,PRIME POLY PACK (PRIVATE) LIMITED
CLLHR000134,Progressive Engineering
CLLHR000135,Qureshi Packages
CLLHR000136,Rahat Plastic
CLLHR000137,Rajput Poly Lahore
CLLHR000138,Rajput Printers
CLLHR000140,Rasheed & Company Lahore.
CLLHR000141,RASHEED PACKAGES (PRIVATE) LIMITED
CLLHR000142,Rashid Latif Lahore
CLLHR000143,RAVI AUTOS SUNDAR (PRIVATE) LIMITED
CLLHR000144,SUN FIBER (PVT.) LIMITED
CLLHR000145,REHAN CAN (PRIVATE) LIMITED
CLLHR000146,"Rehbar Plus, Lahore"
CLLHR000147,Rehman Packages Lahore
CLLHR000148,RN Plastic
CLLHR000149,SOFT WALK SHOES
CLLHR000151,ROYAL POLYTEX INDUSTRIES (PRIVATE) LIMITED
CLLHR000152,S.K.D Polyester
CLLHR000154,Saeed Raco Lahore
CLLHR000155,Saira Packages Lahore (N.N.)
CLLHR000156,Saiyara Shopping Bag
CLLHR000157,Saleem Industry
CLLHR000159,Senior Shoes
CLLHR000160,Shaheen Fiber
CLLHR000161,Shaheen PVC Lahore
CLLHR000162,Shahzad Plastic Lahore
CLLHR000163,Shalimar Pipes
CLLHR000164,Shalimar Plastic
CLLHR000165,Sheikh Noor-Ud-din lhr
CLLHR000166,"Sittary Plastic, Lhr."
CLLHR000167,"SK Plast, Lahore."
CLLHR000168,Sky Sun Packages Lahore.
CLLHR000169,Star Packaging Lahore
CLLHR000170,Stone Soft
CLLHR000171,Swaira Plastic
CLLHR000172,SYNTHETIC PRODUCTS ENTERPRISES LIMITED
CLLHR000173,Tahir Plastic Lahore (Goga Plastic)
CLLHR000174,"Tariq International, Lhr."
CLLHR000175,THERMOSOLE INDUSTRIES (PVT) LIMITED
CLLHR000176,TRANSPET PLASTIC INDUSTRY
CLLHR000177,Umar Plastic Lahore.
CLLHR000178,"Uneeb Plastic, Lahore"
CLLHR000179,UNIPET ( (PRIVATE)) LIMITED
CLLHR000180,United Foam Ind. (pvt) Ltd.
CLLHR000181,United PVC Pipe
CLLHR000182,Universal Shoes LMD
CLLHR000183,Unze Trading (pvt) ltd. (Poly Pack)
CLLHR000184,Viva Plast
CLLHR000185,WAQAR PLASTIC (PRIVATE) LIMITED
CLLHR000186,"Waqas Iqbal, Lhr."
CLLHR000187,"Welcome Plastic, Lahore."
CLLHR000188,"Yousaf Plastic, Lahore"
CLLHR000189,Zain Internatinal Lahore
CLLHR000190,"Zircon Poly, Lhr."
CLLHR000191,ZM Corporation
CLLHR000192,Noble / Al-Khair Foam Pvt Ltd
CLLHR000194,Asia Foam (pvt) ltd. (LMD)
CLLHR000195,Bila Soft
CLLHR000196,Capital Industrial Enterprises (Pvt) Ltd.
CLLHR000197,IDEAL RUBBER & ENGINEERING INDUSTRIES
CLLHR000198,Firhaj Footwear
CLLHR000199,For Tech (Pvt) Ltd. (LMD)
CLLHR000200,Good Life Shoes
CLLHR000201,METRO FLEX INDUSTRIES (PRIVATE) LIMITED
CLLHR000202,National Foam
CLLHR000203,Pakwest Industries Pvt Ltd
CLLHR000204,RELAXO (PRIVATE) LIMITED
CLLHR000205,Royal Sole LMD
CLLHR000207,Welcome Sole - LMD
CLLHR000208,BERGER PAINTS PAKISTAN LIMITED
CLLHR000209,Malik Younas Plastic
CLLHR000210,Hamza Plastic Old
CLLHR000211,sundar plast
CLLHR000212,Ravi Plastic
CLLHR000213,BIC INKS
CLLHR000214,Umer Tuf Water Tank
CLLHR000215,"Chen One, Lahore"
CLLHR000216,Dura Industries Pvt. Ltd
CLLHR000217,"Prime Brothers, Lahore."
CLLHR000219,ASAD PLASTIC BAND ROAD
CLLHR000220,Babar Plastic / Usman & Co
CLLHR000221,Furqan Fiber
CLLHR000222,PEARL PETRO INDUSTRY PRIVATE LIMITED
CLLHR000223,Mr.Faheem
CLLHR000224,Nasir Plastic
CLLHR000225,New Prime Poly
CLLHR000226,Noor Pipe Industry
CLLHR000227,Roman Plastic Works
CLLHR000228,Royal Plastic Industry
CLLHR000229,SPECTRUM PLASTIC INDUSTRIES SMC PRIVATE LIMITED
CLLHR000230,Super Pipe Industry
CLLHR000231,Swift Paper & Chemical
CLLHR000232,Tauheed Plastic
CLLHR000233,SPELL PETROCHEMICALS (PVT.) LTD.
CLLHR000235,DIC PAKISTAN LIMITED
CLLHR000236,HIGH TECH PRINTING INK
CLLHR000237,EASTLAND - LAHORE
CLLHR000238,DIAMOND PAINT INDUSTRIES (PVT.) LIMITED
CLLHR000239,FARRUKH HAMEED
CLLHR000240,GLOBAL ENTERPRISE
CLLHR000241,S. ALTAF BROTHERS
CLLHR000242,HAFIZ ENTERPRISES
CLLHR000243,KHAWAJA MAQBOOL & CO.
CLLHR000244,N.T. INDUSTRIES
CLLHR000245,T. U. PLASTIC INDUSTRY COMPANY (PRIVATE) LIMITED
CLLHR000246,OLYMPIA SYNTHETICS LIMITED
CLLHR000247,AM ENTERPRISES
CLLHR000248,PAK PAINT
CLLHR000249,Tariq Plastic
CLLHR000250,PRIME COAT
CLLHR000251,PEARL PAINT & CHEMICAL INDUSTRIES
CLLHR000252,UNIVERSAL INDUSTRIES
CLLHR000253,FARHAN INTERNATIONAL
CLLHR000254,SHERRY LAKE PAINT
CLLHR000255,ALLIED PAINT
CLLHR000256,al-Noor Trader
CLLHR000257,PARAGON CHEMICALS
CLLHR000258,MUMTAZ FOAM
CLLHR000259,SHAHZAD CORPORATION
CLLHR000260,NELSON PAINT INDUSTRIES (PVT) LTD
CLLHR000261,STAR PAINT
CLLHR000262,INTERMARKET
CLLHR000263,RANYAL SYNTHETIC (PVT.) LIMITED
CLLHR000264,BETA PIPES
CLLHR000265,ALI TRADERS
CLLHR000267,ATS SYNTHETIC (PVT) LTD
CLLHR000268,TETRA PLAST PIPE INDUSTRIES
CLLHR000269,FAST FLOW PIPES PRIVATE LIMITED
CLLHR000270,Mr.Saleem
CLLHR000271,Sardar Poly
CLLHR000272,Lion Soft
CLLHR000273,Husnain Plastic
CLLHR000274,Xara Soft-Karachi
CLLHR000275,Mian Naseer Plastic
CLLHR000276,Plastic Markaz
CLLHR000277,MAF Plastic
CLLHR000278,Ejaz Packages
CLLHR000279,Sirtaj Shoes
CLLHR000280,Indus Sole Center
CLLHR000281,Y Shoes
CLLHR000282,MASTER SYNTHETICS (PRIVATE) LIMITED
CLLHR000283,A & A CHAPPLE SOLE MANUFACTURERS
CLLHR000284,AKZO NOBEL PAKISTAN LIMITED
CLLHR000285,ELEGANT INDUSTRIES (PVT) LTD
CLLHR000286,Lahore Color
CLLHR000287,SRC (PVT) LTD.
CLLHR000288,Shaheen Trader
CLLHR000289,Amariz Printers
CLLHR000290,Migo International
CLLHR000291,MPI PRIVATE LIMTED
CLLHR000293,Adeel Traders
CLLHR000294,Hafiz Brothers
CLLHR000295,City Cans
CLLHR000296,Brodo Soft
CLLHR000297,Shahzada Inds
CLLHR000298,Jawaid Plastic/ Malik Nasir
CLLHR000299,Golden Chemicals
CLLHR000300,Strong Packages
CLLHR000301,United Packages
CLLHR000302,Desma Shoes
CLLHR000304,Imtiaz Pet Bottles Pvt. Ltd.
CLLHR000305,Zahid Chemicals
CLLHR000306,Shahzad DHA
CLLHR000307,Style Shoes
CLLHR000309,E-VISION MANUFACTURING LIMITED
CLLHR000310,Moon Sole
CLLHR000311,Life Sole
CLLHR000312,Mr. Umar Iqbal
CLLHR000313,RA Dyes Traders
CLLHR000314,Hamza Chemical
CLLHR000315,Sajjad Plastic
CLLHR000317,Rambo Plastic
CLLHR000318,Gold Star
CLLHR000319,SHALIMAR ORGANICS (PVT.) LIMITED
CLLHR000320,Anwar & Sons
CLLHR000321,Mumtaz Packages (PCS)
CLLHR000322,Nimir Industrial Chemicals
CLLHR000323,Belite Epoxy
CLLHR000324,K-PACK (PRIVATE) LIMITED
CLLHR000325,Noorani Plastic
CLLHR000326,PHILCO BABY CYCLE
CLLHR000327,INSTAPLAST (PRIVATE) LIMITED
CLLHR000328,Amir Chemicals
CLLHR000329,Go Walk
CLLHR000330,Adnan Traders
CLLHR000331,Mr.Farman
CLLHR000332,ATM Industries
CLLHR000333,Ideal Rubber
CLLHR000334,Babar Engineering
CLLHR000335,Designer Soft
CLLHR000336,Abu Zikria Trading
CLLHR000337,ALI POLYMER INDUSTRIES (PVT.) LIMITED
CLLHR000338,HASSAN PLAS INTERNATIONAL
CLLHR000339,Halal Dyes
CLLHR000340,Nadeem Plastic
CLLHR000341,Master Sole
CLLHR000342,CHACHA BHATTI SHOES COMPANY (PRIVATE) LIMITED
CLLHR000343,MS Plastics
CLLHR000344,50 50 Sole
CLLHR000345,Rutux Industry
CLLHR000346,New Chemical Centre
CLLHR000347,Ittehad Packages
CLLHR000348,Bismillah Plastic
CLLHR000349,"Cherry Plastic, Lahore"
CLLHR000350,Ferry Paint Industry
CLLHR000351,BRIGHTO PAINT (PRIVATE) LIMITED
CLLHR000352,Asia Chemicals
CLLHR000353,Munawar Traders
CLLHR000354,ASTUN PIPE INDUSTREIS
CLLHR000355,PLASTICELL INDUSTRIES (PRIVATE) LIMITED
CLLHR000357,Dulux Poly Pack
CLLHR000358,AMIN INDUSTRIES (PRIVATE) LIMITED
CLLHR000359,Chroma Pigments & Dyestuff (Pvt) Ltd
CLLHR000360,Rabbani Plastics
CLLHR000361,Alpha Traders
CLLHR000362,Alpha Pipe
CLLHR000363,Thermo Plus Plastic Industry
CLLHR000364,DECORA PLASTIC INDUSTRIES
CLLHR000365,AL-PAK SYNTHATIC TEXTILE MILLS
CLLHR000366,DS Enterprises
CLLHR000367,Meezan Plastic
CLLHR000368,Mirza Ink
CLLHR000369,Moonomi Enterprises
CLLHR000370,US Corporation
CLLHR000371,faiz Chemical
CLLHR000372,Mughal Plastic
CLLHR000373,K. M. FOOD INDUSTRIES (PVT.) LIMITED
CLLHR000375,Akhtar Chemical
CLLHR000376,New Sheikh
CLLHR000377,Buhler Group
CLLHR000378,Shaheen Grinding
CLLHR000379,AGRO Footwear
CLLHR000380,Walker Shoes
CLLHR000381,Niyamat Traders
CLLHR000382,Asia Paints/Well Done Paints
CLLHR000383,GLOBAL INKS & CHEMICALS PVT. LTD.
CLLHR000384,New Ravi Paint
CLLHR000385,Fayaz Paint Store
CLLHR000386,Bay Shield
CLLHR000387,Synt Chem Co (Pvt) Ltd
CLLHR000388,New Jeuua Sole
CLLHR000390,Ahsan Traders
CLLHR000392,Roshan Paint
CLLHR000393,Elegent Shoes
CLLHR000394,Delight Paints
CLLHR000395,Plastic Forum
CLLHR000396,Sheikh Ilyas
CLLHR000397,GEO Traders
CLLHR000398,Minhaj Engineering
CLLHR000399,Progressive Trader
CLLHR000400,YASIR BROTHERS (PRIVATE) LIMITED
CLLHR000401,Amir Plastic
CLLHR000402,BABUJEE INTERNATIONAL
CLLHR000403,Xerite Pvt Ltd
CLLHR000404,Super Master
CLLHR000405,Innovative Plastic Manufacturing Co.
CLLHR000406,Sana Minerals (Pvt) Ltd
CLLHR000407,Indus Motor Ltd
CLLHR000408,Tetronics
CLLHR000409,Tricone Brothers
CLLHR000410,GM Chemicals
CLLHR000411,Usman & Company
CLLHR000412,bb chem
CLLHR000413,Sigma International
CLLHR000414,Thor Industry
CLLHR000415,Al Munawar Crysto Plast
CLLHR000416,Norson Paints
CLLHR000417,Imtiaz Chemical
CLLHR000418,Trulac Paints
CLLHR000419,Amco Paints
CLLHR000420,Rung Sung Paints
CLLHR000421,PRISM COATINGS
CLLHR000422,SPARCO ENTERPRISES
CLLHR000423,CM Plastic /Irshad Saeed Packaging
CLLHR000424,MRT Enterprises
CLLHR000425,Shama Plastic
CLLHR000426,Bira Chemicals
CLLHR000428,PAK ELEKTRON LIMITED
CLLHR000429,Western Engineering Lahore
CLLHR000430,SHEIKH PLASTIC IND.
CLLHR000431,Minhaj Paints
CLLHR000432,Basharat Plastic Lhr
CLLHR000433,JAWA PAINT INDUSTRY
CLLHR000434,MOD Paints
CLLHR000435,Fine Chemicals
CLLHR000436,Rehmat Paints
CLLHR000437,Haseen Rubber
CLLHR000438,ASIA VINYL & RUBBER INDUSTRY
CLLHR000439,Multi Resin Industry
CLLHR000440,Black Horse Paints
CLLHR000441,THE FIBER WORLD
CLLHR000442,REDA Industries
CLLHR000443,Pet king
CLLHR000444,Mega Corporation
CLLHR000445,PACKAGING EXAMPLAR TECHNOLOGY (PRIVATE) LIMITED
CLLHR000446,Home Color Paints
CLLHR000447,Lahore Paint House
CLLHR000448,Ze-Mex Paints/Shahzada Inds
CLLHR000449,Functional Chemicals & Polymers
CLLHR000450,"Waseem Traders, Lahore"
CLLHR000452,I.A & Brothers
CLLHR000453,Atmad Soft
CLLHR000454,Modest Soft
CLLHR000455,A.M Inertnational
CLLHR000456,Sunny Plastic Lahore
CLLHR000457,Amir Pet Bottler
CLLHR000458,Fancy Soft
CLLHR000459,Ecco Soft
CLLHR000460,Chand Tara Shopping Bag
CLLHR000461,KR Industry
CLLHR000462,Al Munawar PVC Industries
CLLHR000463,Plasti Form
CLLHR000464,Muneeb Chemicals
CLLHR000465,AM Traders
CLLHR000466,Pure Chem (PCS)
CLLHR000467,Acvo Soft
CLLHR000468,OZONE CONSTRUCTION CHEMICALS (PRIVATE) LIMITED
CLLHR000469,Nadeem Trowel
CLLHR000470,Akbar Traders
CLLHR000471,Walk Footwear
CLLHR000472,Saddy Soft
CLLHR000473,Nizami Trader
CLLHR000474,Master Plastic (Lhr)
CLLHR000475,Rana Chemicals
CLLHR000476,Dhanak Paints
CLLHR000477,Air Indus
CLLHR000478,SMART FOOTWEAR
CLLHR000479,SHALIMAR PLASTIC INDUSTRIES (PRIVATE) LIMITED
CLLHR000480,Metro Shoes
CLLHR000481,Ansaar Plastic
CLLHR000482,Farzand Plastic Store
CLLHR000483,Olympia Traders (Lhr)
CLLHR000485,JW VENDOR CITY (PRIVATE) LIMITED
CLLHR000486,Usama Traders
CLLHR000488,TEXO POLY INDUSTRIES (PVT) LTD
CLLHR000489,Ghouri Inks
CLLHR000490,Amir Ishfaq Chemicals
CLLHR000491,Gulf Paint Inds
CLLHR000492,Orient Textile
CLLHR000493,Forvil Cosmetics
CLLHR000494,Kamal Khan PU
CLLHR000495,"Sharif & Sons/Babar Plastic, Lahore"
CLLHR000496,Green Soft
CLLHR000497,Crown Paint
CLLHR000498,Sama Soft
CLLHR000499,Jamal Chemical
CLLHR000500,Life Care PPRC
CLLHR000501,Lasting EVA
CLLHR000503,Mughal Plas (Plas Pack)
CLLHR000504,SIGMA REFRIGERATION LIMITED
CLLHR000506,Tulip Poly Bag Industries Pvt. Ltd
CLLHR000507,HAMEED PACKAGING INDUSTRY (PRIVATE) LIMITED
CLLHR000508,TEKNORA POLYMER INDUSTRIES (PVT.) LIMITED
CLLHR000509,New Saniyo Soft
CLLHR000510,Malik Mumtaz
CLLHR000511,Head Office (BR)
CLLHR000512,FOOTPETALS (PVT) LTD
CLLHR000513,Bakhtyar Plastic
CLLHR000514,ST Traders
CLLHR000516,BB CHEMPACK INDUSTRIES (PVT) LTD
CLLHR000517,Akram Dewan / Royal International
CLLHR000518,SVA Ruba Plastic Injection Molding Company (Pvt.) Limited.
CLLHR000519,Standard Sole
CLLHR000520,JP Shoes
CLLHR000521,Pack Sole Pvt Ltd
CLLHR000522,Arfan Traders
CLLHR000523,Prima Industry
CLLHR000524,Karamat & Sons
CLLHR000525,Shahyar Sole
CLLHR000527,Mukadar Paints
CLLHR000528,Butt Paint Inds
CLLHR000529,IRSHAD SAEED PACKAGING PVT LTD
CLLHR000530,Activity Corporation LHR
CLLHR000531,AL-Aziz Paper Mills
CLLHR000533,Faisal Waste Sale U-I
CLLHR000534,Malo Corporation Industry
CLLHR000535,Maqbool & Sons
CLLHR000536,Step Up
CLLHR000537,Pet Engineering
CLLHR000538,KT Shoes
CLLHR000539,Dewyne Trade International
CLLHR000540,Pak Enterprises
CLLHR000541,KLASS ELECTRIC COMPANY
CLLHR000542,ROSHAN PACKAGES LTD
CLLHR000544,Fizza Traders
CLLHR000545,Qazi Printer LHR
CLLHR000546,Millat Industries LHR
CLLHR000547,Pakistan Air Condition
CLLHR000548,Kold Karaft
CLLHR000550,Good Paint Industry
CLLHR000552,Haseen Group
CLLHR000555,Dawn Paint Industry/Corona
CLLHR000557,Ishaaq Sons
CLLHR000558,Natural Cooler
CLLHR000559,TR Sole
CLLHR000560,Master Tuff Tank
CLLHR000561,Al-Fareed Plastic
CLLHR000562,Scope Shoes
CLLHR000563,Qamar Plastic
CLLHR000564,Chaman Chemiacal Industries LHR
CLLHR000565,SALEEM AUTOMOTIVE INDUSTRIES (PRIVATE) LIMITED
CLLHR000566,Power Tech Printing
CLLHR000567,Hilal Coating Industry
CLLHR000568,Diamond Plastic Pack
CLLHR000569,Ramay Trading Company
CLLHR000570,Malik Saqib
CLLHR000571,NAFEES POLYPACK (PRIVATE) LIMITED
CLLHR000572,Mustjab Industry Pvt Ltd.
CLLHR000573,Nation Paints / AR Paint Industries
CLLHR000574,AKAI ENGINEERING
CLLHR000575,Tanveer Packages
CLLHR000576,Ali & Co.
CLLHR000577,Rainbow Emirates chemical
CLLHR000578,Pronto Promo LHR
CLLHR000580,Safoora Trading
CLLHR000581,Nasir Ahmad Waste Contractor Unit-I
CLLHR000582,Siyaray Shopping Bags
CLLHR000583,Zulfiqar - Waste Sales
CLLHR000584,Muhammad Sarwar - Waste Sales
CLLHR000585,Muhammad Abbas - Waste Sales
CLLHR000586,Imran - Waste Sales
CLLHR000587,Asif - Waste Sales
CLLHR000588,Arif Noor - Waste Sales
CLLHR000589,Rasheed - Waste Sales
CLLHR000590,XARA SOFT (PRIVATE) LIMITED
CLLHR000591,Usman & Co / 14 Star Paints
CLLHR000592,Forwill Cosmetics
CLLHR000594,Step On
CLLHR000596,Majid Paint Industry
CLLHR000597,M.M Zahoor Traders
CLLHR000598,Hamza Paint
CLLHR000599,Precision System
CLLHR000600,TOP STAR POLYMER (PRIVATE) LIMITED
CLLHR000601,AHMED SONS
CLLHR000602,Hassan Plastic Lhr
CLLHR000603,"Al-Karam Water Tank, Gujranwala"
CLLHR000604,New Universal Associates
CLLHR000605,"Ahsan Plastic,lahore."
CLLHR000606,Pak Ban Fiber
CLLHR000607,Malik (Arif Sunder)
CLLHR000608,Classic International Trading
CLLHR000609,Wazera Abad Sole
CLLHR000610,Prime Solutions International
CLLHR000611,Bico Enterprises
CLLHR000612,Mold Craft
CLLHR000613,Riaz Waste Contractor Unit-I
CLLHR000614,Konica Minolta Office Automation Group
CLLHR000615,Banu Mukhtar
CLLHR000616,Emeraude International
CLLHR000617,AL-KHAIR GLOBAL (PRIVATE) LIMITED
CLLHR000618,Plasti Polymers
CLLHR000619,Super Fancy Water Tank
CLLHR000620,FAFFCO PET INDUSTRIES (PVT) LTD
CLLHR000621,True Soft
CLLHR000622,Footmate
CLLHR000623,Edge Star PU
CLLHR000624,Mian G Plastic
CLLHR000625,Ashraf Waste Sale Contractor Unit-I
CLLHR000626,Khan Plastic
CLLHR000627,Shahzad Rungwala
CLLHR000628,Silver Home Paints
CLLHR000629,Ali Baba Lhr.
CLLHR000630,Master Paint
CLLHR000631,Khalid Mehmood Waste sale Contractor U-I
CLLHR000632,Jaffar Chemicals
CLLHR000633,Dynasty Shoes
CLLHR000634,Siddique Chemicals
CLLHR000635,Maqsood waste Contractor Unit-I
CLLHR000636,Candy Paints
CLLHR000638,Sheikh Iram Shehzad
CLLHR000639,Roshan Afghan Fiber
CLLHR000641,Chaudhry Plastic Lhr
CLLHR000642,Lime Stone Pvt Ltd
CLLHR000643,Malik Abdul Ghafoor Waste Contractor Unit-I
CLLHR000644,Gloo Paints
CLLHR000645,"Lucky Plastic Pet, Lahore"
CLLHR000646,"Mehran Foam, Lahore"
CLLHR000647,Aqua Tech LHR
CLLHR000648,Pafars Chemicals Company
CLLHR000649,"Punjab Plastic, Lahore"
CLLHR000650,FINE CRYSTOPLAST PRIVATE LIMITED
CLLHR000651,Shoukat Trader
CLLHR000652,sk
CLLHR000653,Vin Kemya
CLLHR000654,AP Shoes
CLLHR000655,Naf Pack
CLLHR000656,Mukram Traders
CLLHR000657,MS Sole
CLLHR000659,cancel
CLLHR000662,A Tech Lahore
CLLHR000663,Bhorban Shoes
CLLHR000664,Popular Sole
CLLHR000665,Hi Tech Blending Pvt ltd
CLLHR000666,AFW Writting Instruments industry
CLLHR000668,Abdul Ghaffor Waste Contractor Unit-I
CLLHR000669,Denium Footwear
CLLHR000670,Geo Plastic industry
CLLHR000671,YUTIAN CHEMICALS PAKISTAN (PVT) LTD
CLLHR000672,Professional Paint / Q.N Chemicals
CLLHR000675,Progressive Paint/QN Chemical
CLLHR000676,Atco Soft Lahore
CLLHR000678,Tahir Ashraf Trader
CLLHR000680,BC Soft
CLLHR000681,Nestle Pakistan ltd
CLLHR000684,Shams chemical
CLLHR000685,BASF
CLLHR000686,Golden packages lahore
CLLHR000687,Shaheen Plastic Lahore
CLLHR000690,Abdullah Plastic
CLLHR000691,YUTIAN CHEMICAL
CLLHR000692,ULTRA PACK PRIVATE LIMITED
CLLHR000693,Zitco Chemical
CLLHR000695,SHAHEEN COSMETICS (PVT.) LIMITED
CLLHR000697,ASKARI SHOES PROJECT
CLLHR000698,GM Cables Lahore
CLLHR000699,Ahmed - Waste Raiwind
CLLHR000700,Saira Nawab Packages(PCC)
CLLHR000701,Ghulam Hussain
CLLHR000702,AA Plastic
CLLHR000703,Kadam Soft
CLLHR000705,United industries lahore
CLLHR000716,Pack Tech lahroe
CLLHR000717,Ejaz Packages (PCC)
CLLHR000719,Saleem - Waste Contractor
CLLHR000720,Dolor Sole Centre
CLLHR000721,Jillani Multpack Pvt Ltd
CLLHR000722,Unitex Trading Corporation
CLLHR000723,Pak Packages
CLLHR000724,Jamal Pipe Industries
CLLHR000725,MM Sole Lahore
CLLHR000726,Orbit industries
CLLHR000727,ATM Industry Lahore
CLLHR000728,MSB Shoes
CLLHR000729,MA Pet Plastic Lahore
CLLHR000732,Green Foam industry Lahore
CLLHR000733,ASHRAF POLY (PRIVATE) LIMITED
CLLHR000734,Water bureau
CLLHR000735,Akro Soft
CLLHR000737,"Water Bureau, CMD"
CLLHR000738,Abdul Hussain - Waste Contractor
CLLHR000739,Orbit Industry
CLLHR000740,Ma Shaa ALLAH Plastic
CLLHR000741,"Neotex, Lahore."
CLLHR000742,Shohrat Footwear
CLLHR000743,SKC Industry
CLLHR000745,Waqas Plastic Lahore
CLLHR000746,ASAF Pet Plastic
CLLHR000747,Munir Ahmad Waste Contractor
CLLHR000749,Ideal Foot Fellow
CLLHR000750,Aerolite Shoes
CLLHR000752,ICI Pakistan limted
CLLHR000755,Orifit Shoes
CLLHR000756,Nelson/Chawla Paints
CLLHR000757,Value Paints
CLLHR000758,Silver Star Paints
CLLHR000759,Petal Paints
CLLHR000760,Cynel Paints
CLLHR000761,Imran Waste contractor unit-I
CLLHR000763,Paper Impex (IID)
CLLHR000764,Athar Nazir
CLLHR000765,S.U. ENTERPRISES
CLLHR000767,Lahore Paint Industry (IID)
CLLHR000768,NJS Sole
CLLHR000769,FRIENDS ENVIRONMENTAL SOLUTIONS
CLLHR000770,Tata Shoes
CLLHR000771,Achievers Industries
CLLHR000772,Acro Paints
CLLHR000776,GREEN INSULATION (PVT.) LIMITED
CLLHR000777,Bilal Plastic
CLLHR000778,Angro Soft
CLLHR000779,Fashion & Feet
CLLHR000780,Morsoft
CLLHR000781,Terreco Paints
CLLHR000784,Al-Safa Packages
CLLHR000785,RIGHTWAY COATING INDUSTRIES (PRIVATE) LIMITED
CLLHR000787,Sky Soft Lahore
CLLHR000788,Faisal Maqsood Printing Press Lahore
CLLHR000790,"Ali Plastic, Lahore"
CLLHR000791,Abu Al-Hassnain & Sons
CLLHR000792,AA Shoes
CLLHR000793,Mehar Plastic
CLLHR000794,"National Plastic, Lahore"
CLLHR000795,SK Rubber Industries (CMD)
CLLHR000796,Good Win Plastic
CLLHR000797,"Steri Pack, Lahore"
CLLHR000798,"Al-Hajveri Trading, Lahore"
CLLHR000799,"Alpha Plastic, Lahore"
CLLHR000800,"Ramzan Rubber, Lahore"
CLLHR000801,"Ocean Plastic, CCD"
CLLHR000802,Muzammil Mat Industry
CLLHR000804,"Agha Plastic, Lahore"
CLLHR000805,Unipol
CLLHR000806,Alliance Petrochemicals
CLLHR000807,Z.A. PLASTIC INDUSTRIES
CLLHR000809,Tri-Star International
CLLHR000810,JETSIL MICRON / MR. FURQAN ASLAM
CLLHR000811,"Plas Pet, Lahore"
CLLHR000813,Gobis Paint
CLLHR000814,"Z-Edge Industry, Lahore"
CLLHR000818,BESTWAY CEMENT LTD
CLLHR000819,USMAN & CO
CLLHR000820,RAFIQ POLYMER INDUSTRIES
CLLHR000821,General Color
CLLHR000822,Pakistan Coating Chemicals (Pvt.) Ltd.
CLLHR000823,"Al-Noor Plastic, Lahore"
CLLHR000825,"Faraz/Shahid Plastic, Lahore"
CLLHR000826,CITROPAK LIMITED
CLLHR000827,"Fiber Craft, Lahore"
CLLHR000828,Ocean Flexo
CLLHR000830,M/S Rafique Polymers Industries
CLLHR000831,Tahir Hidency Pipe Manufacturer
CLLHR000832,"Ayaan Plastic, Lahore"
CLLHR000834,"Imran Faizan Plastic, Lahore"
CLLHR000836,AL-RAAI PLASTIC WORKS.
CLLHR000837,Darson Traders
CLLHR000838,AAA Plastic (Kamal Trader)
CLLHR000839,Malik Wasim Waste contractor U-I
CLLHR000840,"Ibrahim Plastic, Lahore"
CLLHR000841,BRIGHTO CHEMICALS PAKISTAN (PRIVATE) LIMITED
CLLHR000844,Commander Paints
CLLHR000846,"RMB Industries, Lahore"
CLLHR000848,NUSRAT INDUSTRIES
CLLHR000849,SAYYED ENGINEERS LIMITED
CLLHR000850,Saddam Plastic
CLLHR000851,RAVI AUTOS SHEIKHUPURA (PVT.) LIMITED
CLLHR000852,SIDDIQSONS DYEING AND PRINTING INDUSTRIES (PVT) LTD
CLLHR000854,"Nippon Paints, Lahore"
CLLHR000855,United Pet Plast
CLLHR000857,Multicore Cables
CLLHR000858,AL-RABI INTERNATIONAL (PVT) LTD
CLLHR000859,FATIMA PLASTIC
CLLHR000860,SHAFFI INDUSTRIES (PVT) LTD
CLLHR000861,RAHAT INDUSTRIES
CLLHR000862,Muneeb Plastic
CLLHR000863,CHISHTIA PLASTIC INDUSTRIES
CLLHR000865,K.S.F Trizone (Calpit)
CLLHR000866,PAKISTAN FIBER
CLLHR000867,Habib Titanium
CLLHR000869,Chroma Chem
CLLHR000870,Akbari Polymer Plastic
CLLHR000871,Lahore Poly (Pvt) Ltd - Calpet
CLLHR000872,Aslam Waste Contractor
CLLHR000873,Sarfraz Waste Contractor
CLLHR000874,Zoya International
CLLHR000876,THE MASTERPIECE SHOE COMPANY PVT LTD
CLLHR000879,Ahmad Waste contractor
CLLHR000880,Malik Riaz waste contractor
CLLHR000885,Feel Soft
CLLHR000887,Coat Chem International
CLLHR000888,Eagle Food Industries Pvt. Limited
CLLHR000891,Baba Mukhtar waste contractor Unit-I
CLLHR000892,ZR Engineering Pvt. Limited
CLLHR000893,Edmon Paints
CLLHR000894,PAKISTAN PENCILS (PVT.) LIMITED
CLLHR000895,Honey Gold Paints
CLLHR000900,Fasi & Company
CLLHR000901,Orient Ink & Chemical Industry
CLLHR000902,Taha Injection Moulding
CLLHR000903,Grace Plastic Industry
CLLHR000904,Zahid Plastic
CLLHR000905,MUBASHIR ENTERPRISES
CLLHR000906,Tycoon Minerals
CLLHR000908,Asian Plastic
CLLHR000909,FAST CABLES LIMITED
CLLHR000910,Amco Baby Toys
CLLHR000911,A.R Impex
CLLHR000913,Al-Hussain Trading & CO
CLLHR000915,Natural Cooler (CMD)
CLLHR000916,Ikon Plastic
CLLHR000919,Thermo Plas
CLLHR000920,Vinylo Build
CLLHR000922,Riaz & Sons
CLLHR000925,INSPIRE ENGINEERING WORKS
CLLHR000926,Ikhlaq Plastic
CLLHR000928,Sakura Trading
CLLHR000931,Saleem Jee
CLLHR000932,Star Life Sole Centre
CLLHR000933,Kashif Industries
CLLHR000937,TEWP Pakistan
CLLHR000938,Polymer Marketing
CLLHR000939,Latif Waste contractor Unit-I
CLLHR000940,Al-Meezan Plastic/SB Plastic
CLLHR000941,"Sheikh Khajoo Bhai, Lahore"
CLLHR000943,Noor Muhammad Waste Contractor Unit-I
CLLHR000945,Akram Plastic
CLLHR000946,Green Earth Recycling pakistan
CLLHR000947,Glitron Products
CLLHR000948,Cash Counter Sale
CLLHR000950,KAMRAN INDUSTRIES
CLLHR000951,Pipe Plus - CCT
CLLHR000952,Masood Textile
CLLHR000953,Ramzan Waste Sale Contractor u-I
CLLHR000954,HASSAN PLASTIC WORKS
CLLHR000956,Amber Capacitors limited
CLLHR000957,Zaheer Traders
CLLHR000958,Makhdoom Plastic Lahore
CLLHR000959,Buraq Plastic
CLLHR000960,Scrap Waste Cutomers
CLLHR000961,Data Paints
CLLHR000962,Astun Industries
CLLHR000963,Bilal
CLLHR000966,Canon International
CLLHR000967,Usman Traders
CLLHR000968,Super Badshah Bund Road
CLLHR000969,Jahangir Chemicals
CLLHR000970,Air Blue Shoes
CLLHR000971,Farooq & sons Band Road
CLLHR000972,Naveed Plastic Bund Road
CLLHR000975,Golden Enterprises
CLLHR000976,Ittefaq Plastic Bund road
CLLHR000977,Irfan Plastic Peshawer
CLLHR000978,ECO PLUS polymers
CLLHR000979,AK Plastic Shahdra
CLLHR000981,Abu Bakar Plastic
CLLHR000982,FG stock Unit I Unit II
CLLHR000983,Hassan Plas
CLLHR000984,RBA Masterbatches
CLLHR000985,INTERNATIONAL INDUSTRIES LIMITED
CLLHR000986,P Tech
CLLHR000987,AM PLASTIC
CLLHR000988,Innovative Mechanical Solution
CLLHR000989,Umer Daraz plastic  (LHR)
CLLHR000990,TALAL PLASTIC
CLLHR000991,Online Account Bund Road
CLLHR000992,ALM PET
CLLHR000993,Shahzad Khursheed
CLLHR000994,Murtaza Plastic LHR
CLLHR000995,TREET CORPORATION LIMITED
CLLHR000996,Rasool khan Afghanistan
CLLHR000997,Al-Saeed
CLLHR000998,MAQSOOD FAISAL PRINTING PRESS (SMC-PVT) LIMITED
CLLHR000999,wal
CLLHR001000,Chemical Resource Solution
CLLHR001001,Hassan Traders LHR
CLLHR001004,Shahzad Trader shahalmi
CLLHR001005,International Petro Chemicals
CLLHR001006,Lahore Medical Instrument
CLLHR001008,Allah Hoo Industry
CLLHR001010,Mughal Plastic Begam kot
CLLHR001011,G.M CABLES & PIPES (PVT) LTD
CLLHR001013,ABC Plastic Bund Road
CLLHR001014,Madni Trader Bund road
CLLHR001015,Standard Rubber Works
CLLHR001016,Hanif Waste Contractor U-I
CLLHR001018,Ghulam Nabi Waste Contractor U-I
CLLHR001019,INTEGERATED ENGINEERING SERVICES (PRIVATE) LIMITED
CLLHR001020,Imran Wood Waste Contractor U-I
CLLHR001021,BNT Laminates
CLLHR001022,MRS Chem
CLLHR001023,FF PLASTIC BUND ROAD
CLLHR001024,Hamza waste contractor U-I
CLLHR001025,Bismillah Chemicals
CLLHR001026,Azam Plastic Co. Lahore.
CLLHR001027,Hayat Plastic
CLLHR001028,Amir Trader
CLLHR001029,ST International Lahore
CLLHR001031,RANYAL INDUSTRIES (PRIVATE) LIMITED
CLLHR001032,Khurshid Enterprises
CLLHR001033,ALI ENTERPRISES
CLLHR001035,Aslam Enginring
CLLHR001036,Malik Mushtaq Waste U-1
CLLHR001038,Samar Dyes
CLLHR001039,New Madina Color
CLLHR001040,Lucky Plastic ind. CCT
CLLHR001041,Ijaz chemical
CLLHR001042,Aftab Sons Writing instruments Lahore.
CLLHR001043,Abid Ali Waste Customer U-I
CLLHR001044,HT Plastic
CLLHR001045,Shehansha Plastic
CLLHR001047,"Orient Home Appliances, Lahore."
CLLHR001049,Chawla Limited
CLLHR001050,Hafiz Shopping Bag
CLLHR001053,"ASF Pet Industries, Lhr."
CLLHR001054,CRYSTAL SYNTHETICS (PVT) LIMITED
CLLHR001055,A.A Chemical
CLLHR001056,Shabbir Plastic Dana Bund Road
CLLHR001057,ZM Trowel
CLLHR001058,"Pure Plast Water Tank, Lahore."
CLLHR001060,Pioneer Paints
CLLHR001062,Muhammad Iqbal - Car Sold
CLLHR001064,Bin Talib Industry
CLLHR001066,Sabri Store
CLLHR001067,Jillani Plastic - CALPET
CLLHR001068,Jillani Poly - CALPET
CLLHR001069,Rizwan PET
CLLHR001070,M.I Plastic Lahore
CLLHR001071,U.P INDUSTRIES (PRIVATE) LIMITED
CLLHR001072,Saleem Danaywala(mama)
CLLHR001073,Golden Water Tanks/Mughal Industries.
CLLHR001074,Volta Dies & Moulds
CLLHR001076,B & T Laminates Lhr.
CLLHR001077,Bhatti Plastic Band Road
CLLHR001078,SHAFI SONS ENGINEERING (PRIVATE) LIMITED
CLLHR001080,Hussain Brothers
CLLHR001081,Hakim Khan waste customer U-I
CLLHR001082,Super NA Plastic Band road
CLLHR001083,Printo Pack Pvt. Limited.
CLLHR001084,"Oaks Pakaging, Lahore."
CLLHR001085,Ayesha Co / Dyno Group
CLLHR001086,Hadayat Sons
CLLHR001087,MECHFIT INDUSTRIES
CLLHR001088,AK Trader Lahore
CLLHR001089,Sajid Waste Customer U-I
CLLHR001090,"Zee Kap Pvt Ltd, Lahore."
CLLHR001091,MILLION CLASSIC CABLES (PRIVATE) LIMITED
CLLHR001092,Poineer Plastic
CLLHR001093,Sabri chemical band road
CLLHR001094,Sabir plastic shahdara
CLLHR001095,Kenzo (IID)
CLLHR001096,RPK Pipes
CLLHR001097,Babar Waste Customer
CLLHR001098,Apple packages Band Road
CLLHR001099,Goga Plastic Lahore.
CLLHR001100,Murtaza Traders
CLLHR001101,Nishat Chunian Limited
CLLHR001102,"The Best Plastic, Lahore."
CLLHR001104,THERMOPLAS (PVT) LTD.
CLLHR001105,Faisal Chemicals
CLLHR001107,Shafiq Plastic Band Road
CLLHR001109,PROFESSIONAL SEALERS (PRIVATE) LIMITED
CLLHR001111,Hafiz Bilal Waste Customer U-I
CLLHR001112,ULTRALITE
CLLHR001113,Liaqat Ali Waste Customer U-I
CLLHR001114,Abdul Razzaq Waste Customer U-I
CLLHR001115,Yousaf Mughal waste Customer U-I
CLLHR001116,China Plastic Bund Road.
CLLHR001117,Faisal Packages LHR.
CLLHR001118,Yousaf Trader
CLLHR001119,Smaa Printers
CLLHR001120,M.Iqbal Waste Customer U-1
CLLHR001121,ZA Trader
CLLHR001122,ALi plastic Gujrat
CLLHR001124,"Moman Pet, Raiwind Lahore."
CLLHR001125,"Petrise Tech, Lahore."
CLLHR001126,Sajjad Ahmad waste customer U-I
CLLHR001127,Aero Soft
CLLHR001128,Afzaal Waste Customer U-I
CLLHR001129,Inter Sales / Inter Chem
CLLHR001130,Fiber Tex Industries
CLLHR001131,Decora Foam Board DPM
CLLHR001132,IF Chemicals
CLLHR001133,Faizan Traders
CLLHR001134,Imran Waste Customer U-I
CLLHR001135,Hero Cables
CLLHR001136,AF Shoes
CLLHR001137,Touseef Sabir Shoes
CLLHR001139,Zaheer Shabbir trader
CLLHR001140,"Shanghai Pipe, Lahore."
CLLHR001141,Shafqat Waste Customer U-1
CLLHR001142,Saudia Plastic Band Road
CLLHR001143,DURA POLYMER INDUSTRIES
CLLHR001144,Luqman Enterprises
CLLHR001145,Adeel Hamza plastic
CLLHR001146,"Nova Stationery, Lahore."
CLLHR001147,Waves Singer Pakistan Limited.
CLLHR001148,Ramzan plastic Band road
CLLHR001149,PLASCOAT SYSTEM
CLLHR001150,Polyplast Custom Moulders
CLLHR001151,SMART ORISON INTERNATIONAL
CLLHR001152,Quality Paint
CLLHR001153,SETHI PAINT INDSURTY
CLLHR001154,"6B-Food Industry Pvt Ltd,"
CLLHR001155,ROSHAN DYES
CLLHR001156,Amjad Waste customer unit-I
CLLHR001158,Micro Engineering
CLLHR001159,Taufeeq waste customer U-I
CLLHR001160,Mehar Plastic Lahore
CLLHR001161,U.E PVT LTD
CLLHR001162,Mohsin & co
CLLHR001163,Rivaj Soft
CLLHR001164,"A-1 Poly Industries, Lahore."
CLLHR001165,Seven Eleven
CLLHR001166,Ghulam Mustafa Waste Customer U-I
CLLHR001167,ASHIQ ALI
CLLHR001168,"Varoline Plastics (Pvt) Ltd, Lahore."
CLLHR001169,HASNAIN PLASTICS (PRIVATE) LIMITED
CLLHR001170,NOVAPACK PRIVATE LIMITED
CLLHR001171,Chemi Fast
CLLHR001172,Perfect Solution
CLLHR001173,"United Plastic, Lahore."
CLLHR001174,"Star Plas, Lahore."
CLLHR001175,Chamman plastic lahore
CLLHR001176,Miraj Khalid Waste Customer U-I
CLLHR001177,BINACA SOFT
CLLHR001178,Khawaja Adhesive Taps PVT LTD
CLLHR001179,AMP Tech Lahore.
CLLHR001180,khursheed norani lahore
CLLHR001181,Amir Auto Tech
CLLHR001182,Global Packaging Manga Lahore.
CLLHR001183,Ghaffar Plastic Lahore.
CLLHR001184,kamran plastic Band Road
CLLHR001185,Salamat Ali waste customer U-I
CLLHR001186,Aliance Industry 2
CLLHR001187,KF Chemicals
CLLHR001188,"BNS Plastiic, Lahore."
CLLHR001189,"Plas Pack, Lahore. (Unregistered)"
CLLHR001190,Nova Star Plastic
CLLHR001191,IP INDUSTRY (PRIVATE) LIMITED
CLLHR001192,Ashraf plastic works
CLLHR001193,MOVE PLASTIC
CLLHR001194,Electrosole Trades
CLLHR001195,Anayat Wast Customer (Unit 01)
CLLHR001196,TALHA PLASTIC LHR
CLLHR001197,AZIZ MUGHAL ELECTRICAL INDUSTRY
CLLHR001198,FIRST TREET MANUFACTURING MODARABA
CLLHR001199,SERVICE INDUSTRIES LTD
CLLHR001200,Muhammad Azeem Lahore.
CLLHR001201,SPECIAL SHOES
CLLHR001202,SYMBOL INDUSTRIES (PRIVATE) LIMITED
CLLHR001203,Tufail Waste Contractor U-2
CLLHR001204,Yasin Khanl Waste Contractor U-2
CLLHR001205,Saleem Khan Waste Contractor U-2
CLLHR001206,Malik Mehboob plastic
CLLHR001207,Zeeshan Plastic
CLLHR001208,PENG CHENG PLASTIC
CLLHR001209,Ehtisham Waste Contractor
CLLHR001210,SUBHAN TRADING CO.
CLLHR001211,TECHNOWELL INDUSTRIES (PRIVATE) LIMITED
CLLHR001212,AHMED SAEED AND COMPANY (PVT) LTD
CLLHR001213,MM Plastic
CLLHR001214,UNITED VINYL INDUSTRIES
CLLHR001215,Muhammad Abdulla
CLLHR001216,MEGA PLAST
CLLHR001217,PAK POLY INDUSTRIES PVT LTD
CLLHR001218,NASIR & SONS ENGINEERING COMAPNY
CLLHR001219,POLYCON PAKISTAN (PRIVATE) LIMITED
CLLHR001220,ZUBAIR ASHRAF
CLLHR001221,DAWN IMPEX
CLLHR001222,Chatha Plastic Pipe Industry
CLLHR001223,SHAHID PLASTIC
CLLHR001224,DANI PLASTIC INDUSTRIES
CLLHR001225,HANIF & SONS TRADERS
CLLHR001226,WRAPPER (PRIVATE) LIMITED
CLLHR001227,Afaq plastic
CLLHR001228,AM POLY RAIWIND
CLLHR001229,United poly Pack (Private) Limited
CLLHR001230,BASHAR TRADERS
CLLHR001231,MAMZ ASPHALT TECHNOLOGIES PVT LTD
CLLHR001232,PROMA EXPORTS
CLLHR001233,PRIME FIBER
CLLHR001234,NASIR LAMINATION
CLLHR001235,SCITECH ENGINEERING (PRIVATE) LIMITED
CLLHR001236,M.H.Y POLY INDUSTRIES (PRIVATE) LIMITED
CLLHR001237,Shamsheer waste customer U-I
CLLHR001238,Mubeen Khan Unit 2 Waste Contractor
CLLHR001239,AZ Shopping
CLLHR001240,A.R PAINTS
CLLHR001241,CHEMICAL HIVE
CLLHR001242,Muhammad Azam(Waste Contractor) U-1
CLLHR001243,Golden Chemicals.
CLLHR001244,Younas Waste Customer Unit-I
CLLHR001245,Irfani Engineering Work
CLLHR001246,SAJID PLASTIC
CLLHR001247,MULTI PACK
CLLHR001248,Aslam Waste Customer Unit-I
CLLHR001249,IBRAHIM ALI PLASTIC WORKS (PRIVATE) LIMITED
CLLHR001250,Azmat Ullah
CLLHR001251,Haji Zahid shopping
CLLHR001252,Butt plastic band raod
CLLHR001253,Samiullah waste customer Unit-I
CLLHR001254,Aleem Waste customer Unit 01
CLLHR001255,YOUSAF PLASTIC KOT ABDUL MALIK
CLLHR001256,OmyaPack (Pvt.) Ltd.
CLLHR001257,FRIENDS INDUSTRIES
CLLHR001258,Packworld
CLLHR001259,FOAMCO (PRIVATE) LIMITED
CLLHR001260,NEXTECH PACKAGES (PVT.) LIMITED
CLLHR001261,TABARK PACKAGING (PVT.) LIMITED
CLLHR001262,VIVID COLOR CHEM.
CLLHR001263,ASPIRE PLASTIC
CLLHR001264,WESTERN MARKETING
CLLHR001265,SK BABA PLASTIC
CLLHR001266,IQRA PIPE STORE
CLLHR001267,JAWA CHEMICAL
CLLHR001268,MOON STAR  BAND ROAD
CLLHR001269,BIN YAMIN DOORS
CLLHR001270,AKRAM & SONS BAND ROAD
CLLHR001271,Farooq Arshad - Waste Sales
CLLHR001272,Jameel Ahmad Waste Contractor U-I
CLLHR001273,SUPER STAR TRADER
CLLHR001274,MASTER ENERGY
CLLHR001275,IQRA PLASTIC FACTORY
CLLHR001276,DOTSON SOLE BAND ROAD
CLLHR001277,ADIL PAINTS
CLLHR001278,Bismillah Rubber
CLLHR001279,FINE SOLE BAND ROAD
CLLHR001280,MAXGUARD
CLLHR001281,AL-REHMAN PLASTIC PRODUCTS
CLLHR001282,CASH TENDER SALE
CLLHR001283,POPULAR WATER TANK (PVT.) LIMITED
CLLHR001284,Siddique plastic Lahore
CLLHR001285,Nitro Chemicals
CLLHR001286,Shahzad Textile Mills Ltd
CLLHR001287,DELTA PIPE
CLLHR001288,AG TRADERS
CLLHR001289,CORAL PAINTS
CLLHR001290,PACKAGES CONVERTORS LIMTED
CLLHR001291,WAHEED SHAHZAD PLASTIC WORKS (PRIVATE) LIMITED
CLLHR001292,ASHIQ TRADER
CLLHR001293,ALPHA RUBBER
CLLHR001294,Altaf karachi
CLLHR001295,EASY FEET
CLLHR001296,AMS PLASTICS (PVT.) LIMITED
CLLHR001297,Uni Plast (PVT) LTD
CLLHR001298,ROYAL FOAM
CLLHR001299,Mohsin plastic shahdara
CLLHR001300,Pak Homeo Pharma
CLLHR001301,ROOF LINE PRIVATE LIMITED
CLLHR001302,KING POWER PLASTIC
CLLHR001303,BROTHERS RISING PLASTIC
CLLHR001304,Butt Trader
CLLHR001305,Qingdao Hound Pakistan (Pvt) Ltd
CLLHR001306,khurram mazhir
CLLHR001307,RAVI AUTOS LAHORE (PRIVATE) LIMITED
CLLHR001308,MLA PLASTIC
CLLHR001309,MERIT CHEMICAL INDUSTRIES
CLLHR001310,A.N.Internationl
CLLHR001311,SHAFIQ PAK PACKAGING (PRIVATE) LIMITED
CLLHR001312,MALEK FOAM INDUSTRY (PRIVATE) LIMITED
CLLHR001313,"KUKU INDUSTRIES, LUSTRE A.Z & CO (PVT) LTD"
CLLHR001314,MOVE PLASTIC SUNDER ESTATE
CLLHR001315,NEW WAHDAT COLOUR.
CLLHR001316,BESTCHEM
CLLHR001317,Pakistan Coating Association
CLLHR001318,PURE FOODS COMPANY (PRIVATE)LIMITED
CLLHR001319,MUHAMMAD AZEEM
CLLHR001320,HABIB METROPOLITAN BANK LIMITED
CLLHR001321,AL RAZI DIAGNOSTIC PVT LIMITED
CLLHR001322,IDAK PLASTIC MOLDING
CLLHR001323,ZEUS PAINT & CHEMICAL INDUSTRIES (PVT) LTD
CLLHR001324,USMAN ENTERPRISES
CLLHR001325,AFIA NOOR TEXTILE INDUSTRIES (PRIVATE) LIMITED
CLLHR001326,SAAZ GOLD INDUSTRIES (PRIVATE) LIMITED
CLLHR001327,HS PRINTER
CLLHR001328,AHMAD PLASTIC TEXTILE INDUSTRY
CLLHR001329,HASHIR TRADER
CLLHR001330,AFFAN PLAST (PVT.) LIMITED
CLLHR001331,APC (108A (SIE)
CLLHR001332,ALMIGHTY PLASTIC
CLLHR001333,AN INTERNATIONAL
CLLHR001334,MERCHANTS
CLLHR001335,BRIGHIT TEXTILE
CLLHR001336,SHAHRAJ FABRICS (PRIVATE) LIMITED
CLLHR001337,LPC MILLS (PRIVATE) LIMITED
CLMAR000001,Al-Murtaza Match Factory
CLMRK000001,Servis Industries Ltd-Muridkey
CLMRK000003,Service Global Footwear Limited
CLMRP000001,AYESHA ENTERPRISES PVT LTD
CLMRP000002,Shiraz Poly Propylene Mirpur
CLMRP000003,UNIQUE POLYPROPLENE (PRIVATE) LIMITED
CLMRP000004,BULK FLEXIBLES PAKISTAN (PRIVATE) LIMITED
CLMRP000005,Pakistan Foam
CLMUL000001,7 Star Packages
CLMUL000002,ABC Plastic
CLMUL000003,AL-MADINA PACKAGES.
CLMUL000004,Al-Mehar Plastic Works/Pak Arab Water
CLMUL000006,FINE PLASTICIZERS (PVT.) LIMITED
CLMUL000007,NASCO PRIVATE LIMITED
CLMUL000008,Noor Plastic Industry Multan
CLMUL000009,PRIME PACKAGES.
CLMUL000010,S.G Polypropelene Multan
CLMUL000011,Shah Sons
CLMUL000012,Solex Agro Industry
CLMUL000013,United Poly (Multan)
CLMUL000014,Usman Fiber
CLMUL000015,Sheikh Abdul Rauf & Sons
CLMUL000016,Mehmood Chemical
CLMUL000017,Mr.Sajid
CLMUL000018,Ghousia Packages
CLMUL000019,POLYPET (PRIVATE) LIMITED
CLMUL000020,Khawaja Minerals
CLMUL000021,M.M. PLASTIC INDUSTRY
CLMUL000022,Mr. Abid
CLMUL000023,ST International
CLMUL000024,unidentified
CLMUL000025,Amina Food
CLMUL000026,Friends Plastic Factory
CLMUL000027,Marko Paints
CLMUL000028,MDG Industries
CLMUL000029,Malik Faisal
CLMUL000030,nn poly
CLMUL000031,Al-Rehmat Plastic
CLMUL000032,Jillani Trader Multan
CLMUL000033,Khawaja Paints & Chemicals
CLMUL000034,King Packaging
CLMUL000035,Potato Baby Feeder
CLMUL000036,J S POLY
CLMUL000037,Silko Shine Paints
CLMUL000038,Hygiene Industries
CLMUL000039,Water Ways Plastics Multan
CLMUL000040,Sadat Plastic Multan
CLMUL000041,ABDULLAH POLY INDUSTRIES
CLMUL000042,Al-Aziz Enterprises Multan
CLMUL000043,MUHAMMAD KASHIF
CLMUL000044,Asad Enterprises Multan
CLMUL000045,QADIR POLY (PRIVATE) LIMITED
CLMUL000046,Dost Muhammad & Sons
CLMUL000047,Mr. Sabir Multan
CLMUL000050,Al-Hilal Industries Pvt. Limited
CLMUL000053,Mansoor Sb.
CLMUL000054,AGRI FORCE CHEMICALS
CLMUL000055,Mian Pesticids Limited
CLMUL000056,High Resolution Industry
CLMUL000057,Azco Group
CLMUL000058,Rehmania Pet Bottle
CLMUL000059,Topsun Package
CLMUL000060,SHABBIR POLY PACKAGES
CLMUL000061,Hamza Trader
CLMUL000062,Prime Fiber Multan
CLMUL000063,SARWAR POLY PACKAGES (PRIVATE) LIMITED
CLMUL000064,Sarkhail Packages (Pvt) Ltd.
CLMUL000065,PS Choice
CLMUL000066,"R.A Plastic Industry, Multan."
CLMUL000067,"Zain Industries (Pvt) Ltd, Multan."
CLMUL000068,M.M Baksh Pipe store
CLMUL000069,"DG PVC Pipe, Dera Ghazi Khan."
CLMUL000070,BISMILLAH PLASTIC MULTAN
CLMUL000071,DANISH INDUSTRY MULTAN
CLMUL000072,NEW STAR CHEMICALS
CLMUL000073,KAREEM PACKAGES
CLMUL000074,HAMZA FLEXIBLE PRINTING AND PACKAGES (PVT.) LIMITED
CLMUL000075,Perfect Pet - Bottlers
CLMUL000076,EURO TRADE
CLNOS000001,Amin Shopping Bag
CLNSF000001,Amir Khan Noshehro Feroz
CLOKR000001,Energy Care
CLOKR000002,ICE Age Industry
CLOKR000003,Usman Plastic Okara
CLPSW000001,2 Star Plastic
CLPSW000002,Abdul Raziq Plastic
CLPSW000003,Ahmad Colors
CLPSW000004,NAFEES PLASTIC INDUSTRIES.
CLPSW000005,Aim Plastic
CLPSW000007,ASAD ZUBAIR POLYMERS (PRIVATE) LIMITED
CLPSW000008,Ayub Brothers
CLPSW000009,City Polytex
CLPSW000010,HAROON ENTERPRISES DNC
CLPSW000011,Friends Colors Plastic Industry
CLPSW000012,GA POLYMER (PRIVATE)LIMITED COMPANY
CLPSW000013,Haji Zarghon
CLPSW000014,K.K ENGINEERING & PP MAT INDUSTRIES
CLPSW000015,MJ PLASTIC INDUSTRY
CLPSW000016,Mir Salaam
CLPSW000017,Mishal Industries
CLPSW000018,MKB Enterprises
CLPSW000019,Mr.Shahid (S.S Poly)
CLPSW000020,Nisar Plastic (peshawar)
CLPSW000021,OLYMPIA POLYTEX INDUSTRIES (PRIVATE) LIMITED
CLPSW000022,Pak International Ind Peshawar
CLPSW000023,PRIME POLYTEX (PVT.) LIMITED
CLPSW000024,PRIME STAR PETROCHEMICALS INDUSTRIES (PRIVATE) LIMITED
CLPSW000025,Pure Poly
CLPSW000026,"Rafi-Ul-Allah Plastic, Peshawar"
CLPSW000027,SUPREME PLASTIC MAT INDUSTRIES (PRIVATE) LIMITED
CLPSW000028,S.S. Polyproplene Peshawar
CLPSW000029,Sultan Plastic Ind. Peshawer
CLPSW000030,"Sunrise Industry, Peshawar"
CLPSW000031,Tariq Packages Peshawer
CLPSW000032,Unicom Rubber / Unicom Synthatic Peshawer
CLPSW000033,Usman Industry
CLPSW000034,Ittehad Plastic
CLPSW000035,Khawaja & Sons
CLPSW000036,Munawar Plastic
CLPSW000037,Naseer Poly Propylene
CLPSW000038,VIN CRAFT
CLPSW000039,International Marketing
CLPSW000040,Agriculture University
CLPSW000041,OLYMPIA FOAM INDUSTRIES (PRIVATE) LIMITED
CLPSW000042,Sadiq Aziz
CLPSW000043,Atlas Paints
CLPSW000044,Gul Printing Packages
CLPSW000045,Meezan Plastic (PSW)
CLPSW000046,Ameer Jamal Faom Plastic Industry
CLPSW000047,Chinnar Chemicals
CLPSW000048,Habibullah
CLPSW000049,KHAN POLYMERS (PRIVATE) LIMITED
CLPSW000050,Top Star Industries
CLPSW000051,Noor Zamaan PSW
CLPSW000052,Lasani Chatie
CLPSW000053,Diamond shopping Bags
CLPSW000054,University of Peshawar
CLPSW000055,Irfan sb Jumbolon/Maaz
CLPSW000056,PHARMAPLAST PVT LIMITED
CLPSW000058,"Etimad Polymer, Peshawar"
CLPSW000059,Afridi poly
CLPSW000060,"Fazal Plastic, Peshawar"
CLPSW000061,"SMB Plastics, Peshawar"
CLPSW000062,Khyber Plastic (CMD)
CLPSW000063,Delaax Plastic
CLPSW000064,Poplon Pakistan Ltd-Customer
CLPSW000065,C&F Shoes
CLPSW000067,Rizwan plastic/prime
CLPSW000068,Hasham Waste contractor U-I
CLPSW000070,UNIX FOAM INDUSTRY
CLPSW000071,Danyal Trading Agency
CLPSW000072,ZAMOUNG TEXTILE COMPANY
CLPSW000073,JAHANZAIB PLASTIC INDS.
CLPSW000074,WAQAS TRADING PESHAWER
CLPSW000075,Asghar Saleem Keen
CLPSW000076,MB PLASTIC ENTERPRISES
CLPSW000077,AL-KARAM PLASTIC IND.
CLPSW000078,KAWSAR ENGINEERING (PRIVATE) LIMITED
CLPSW000079,Abdul Traders
CLPSW000080,AGILE INTERNATIONAL (PRIVATE) LIMITED
CLQUT000001,Master Water Tank
CLQUT000002,Muhammad Afzal
CLQUT000003,"Pak Arab Water Tank, Quetta"
CLQUT000004,Farooq Ghee & oil
CLQUT000005,Super Master PPRC
CLQUT000006,Friends Enterprises PVC Pipe
CLRWP000001,Asim Shabbir
CLRWP000002,GREEN FOOTWARE INDUSTRIES
CLRWP000003,Madina Trading(Rawlpdi)
CLRWP000004,Malik Plastic Rawalpindi
CLRWP000005,Muhammad Plastic
CLRWP000006,Rasheed Khan
CLRWP000007,Sheikh Traders
CLRWP000008,Shiraz Hassan Chemicals.
CLRWP000009,Waqar Younas Chemical
CLRWP000010,Khyber Plastic
CLRWP000011,Unique Plastic (LMD)
CLRWP000012,Celmore Technology
CLRWP000013,Paragon Plastic Industry
CLRWP000014,MIAN PLASTIC INDUSTRY
CLRWP000015,ASF Paints
CLRWP000016,Haroon Traders
CLRWP000017,Global Packages
CLRWP000018,Prime Paints Industry
CLRWP000019,MATRIX
CLRWP000020,Force Battery
CLRWP000021,"Pure Fit Industries, Rawalpindi"
CLRWP000022,Frontier Paper Products (Pvt) Ltd.
CLRWP000023,Utility Store
CLRWP000025,Malik Paints
CLRWP000026,Younas Enterprises
CLRWP000027,Fateyha HDPE Pipes
CLRWP000028,SUPREME FOCUS INTERNATIONAL PRODUCTS (PVT.) LIMITED
CLRWP000031,Umair Rawalpindi
CLRWP000032,FAQSON INTERNATIONAL INDUSTRIES
CLRWP000033,Champion International Pvt Ltd.
CLRWP000034,Color Life Paints
CLRWP000035,"Haroon Trader, Rawalpindi."
CLRWP000036,Ajdam (Pvt) Ltd. Rawalpindi.
CLRWP000037,RATHORE'S EXPERTS PRODUCTION
CLRWP000038,Canteen Stores Department
CLRWP000039,PAK LINE NON WOVEN FABRIC
CLRWP000040,BADAR HAROON PAINT
CLRWP000041,AKBAR PAINT INDUSTRY
CLRWT000001,Home Style Paints
CLRWT000002,GOLDBERG PAINT INDUSTRIES
CLRWT000003,BIN ALTAF INDUSTRIES
CLRWT000004,Dura Fit
CLRWT000005,"SS Plastic, Rawat"
CLRWT000006,Mumtaz PPRC
CLRWT000007,ACCUFIT PLASTIC INDUSTRIES (PRIVATE) LIMITED
CLRWT000008,Ready Pack Industries
CLRWT000013,A & J ENGINEERING (PRIVATE) LIMITED
CLRWT000014,ACCUFIT PLASTIC IND. (UNREG.)
CLRYK000001,Kamboh Plastic
CLRYK000002,Heera Plastic (Heera Pesticide)
CLRYK000003,STARLINE POLY PACKAGING (PVT) LIMITED
CLSDQ000001,FATIMA PACKAGING LIMITED
CLSDQ000002,Shahzad Paint House
CLSDQ000003,SAWERA TEXTILES (PVT) LIMITED
CLSGD000001,Mobi Paints
CLSGD000003,Saad Packages
CLSGD000004,Ahmad International
CLSGD000005,Sarmad Paint Sargodha
CLSGD000006,"Al-Karam Water Tank, Sargodha"
CLSGD000007,Abid Becolite
CLSGD000008,Hero Pak Electrical Industry
CLSGD000009,JHI Plastic
CLSGD000010,"Waseem Plastic Pipe, Sarghodha."
CLSGD000011,"Sohail Paint, Sargodha."
CLSGD000012,MIAN TRADERS
CLSGR000001,TAJ PACKAGES COMPANY (PVT.) LIMITED
CLSHK000001,New Friends Polypropylene
CLSHK000002,SAPPHIRE TEXTILE MILLS LIMITED
CLSHK000003,Starlet Shoes
CLSHK000004,Stilvoll Shoes
CLSHK000005,Omais Pack
CLSHK000006,A One Poly Bags
CLSKT000001,Crown Foam Industries
CLSKT000002,Industrial Gateway
CLSKT000003,AWAN SPORTS
CLSKT000004,FORWARD SPORTS (PRIVATE) LIMITED
CLSKT000005,Muslim Chemicals
CLSKT000006,Medical Devies
CLSKT000007,Gloves & Gloves
CLSKT000008,Saleem & Sons Sialkot
CLSKT000010,Karam Poly Pack
CLSKT000011,Winner Industries
CLSKT000012,Fircos Shoes
CLSKT000013,Lahore Traders
CLSKT000014,Khalid Tahir brother
CLSKT000015,Mian Packages Daska.
CLSKT000016,PAK PLASTIC
CLSKT000017,"Hibco International, Sialkot."
CLSKT000018,"Shahid Kamran Plastic, Sialkot."
CLSKT000019,Vision Technologies Corporation Pvt Ltd. Sialkot.
CLSKT000020,"Ghazi Plastic Shopping Bags, Sialkot."
CLSKT000021,BM-JRSAZ ENTERPRISE
CLSKT000022,MALIK PACKAGES
CLSKT000023,NADEEM MARTIAL WORKS
CLSKT000024,FAROOQ BROTHERS
CLSKT000025,J.SCOUT SPORTS
CLSKT000026,M.J Paint Industry
CLSKT000027,Multi Care Insulation Industries Pvt Ltd.
CLSKT000028,YKF BROTHERS
CLSKT000029,KHOKHAR OF SIALKOT.
CLSKT000030,SHAHZAD MAHER AND CO
CLSKT000031,RAJA INDUSTRIES (PRIVATE) LIMITED
CLSWL000001,Orient Plastic
CLSWT000001,Crown plastic insdustry
CLSWT000002,GUL KHAN SAWAT
CLWAR000001,Shahzad Poly Propylene Warbaton.
CLWAR000002,Super Gold Plastic Bund Road
CLWAR000003,suffyan plastic
CRKOR000001,Ukseung Chem
OTHER000001,Unknown Customers
OTHER000002,Mujeeb Afghan
OTHER000003,Blend Polymer industries LLC
OTHER000004,Unknown Customers-2018
OTHER000005,Lucky plastic Abbtabad
